id,name,password,date_of_birth,gender
1,Mrs. Christopher Klo,Leonie65@hotmail.com,Wed Jun 26 1963 00:00:00 GMT+0800 (Indochina Time),Cis Woman
2,Raymond Parisian,hz9DRnlZDGfBo5p,Fri May 01 1964 00:00:00 GMT+0800 (Indochina Time),Gender Flu
3,Henrietta Koepp,l7wAiYIA_uKCuB1,Thu Nov 19 1987 00:00:00 GMT+0700 (Indochina Time),Cis Woman
4,Ted Stroman,S2DFybWZATc2TDu,Sun Nov 06 1955 00:00:00 GMT+0700 (Indochina Time),Genderquee
5,Josefina Bauch,XMGJZ3_BnXiPNdq,Fri Feb 15 1991 00:00:00 GMT+0700 (Indochina Time),Two-spirit
6,Charles Trantow,8oBMENnkzyYNtoD,Wed Mar 23 1949 00:00:00 GMT+0800 (Indochina Time),T* man
7,Miranda VonRueden,jeWKuRymGL6KmeJ,Tue Jul 25 1995 00:00:00 GMT+0700 (Indochina Time),Woman
8,Oliver Hodkiewicz,X4wRUIEXZafC5Oh,Sun Mar 28 1999 00:00:00 GMT+0700 (Indochina Time),Cisgender 
9,Casey Osinski,1pfQVGPqvBXrg8t,Thu Sep 20 1951 00:00:00 GMT+0800 (Indochina Time),Male to fe
10,Ronnie Kihn,KtYAdAOnTfIY9oe,Wed Jun 05 2002 00:00:00 GMT+0700 (Indochina Time),Two-spirit
11,Lora McLaughlin,3kvh4gqswxzKyBr,Sat Aug 08 1987 00:00:00 GMT+0700 (Indochina Time),T* man
12,Shawn Breitenberg,79GlQDWzo21fWOe,Fri Dec 17 1943 00:00:00 GMT+0800 (Indochina Time),Transexual
13,Terrance Leuschke,7GrSCARRS4UB6YR,Fri Jun 22 1951 00:00:00 GMT+0800 (Indochina Time),Hermaphrod
14,Preston Wintheiser,pKTpNQ0Vvx8A1Tn,Sat Sep 19 1981 00:00:00 GMT+0700 (Indochina Time),Trans Pers
15,Bethany Turner,khvaCQOPj3Axcic,Mon Aug 11 1986 00:00:00 GMT+0700 (Indochina Time),Hermaphrod
16,Steven Trantow,U3vQHp4OXoBzkBK,Sun Jan 13 1985 00:00:00 GMT+0700 (Indochina Time),Male to fe
17,Domingo Barrows,Ti6Hcp3s4ccWFE2,Thu Nov 05 1992 00:00:00 GMT+0700 (Indochina Time),Woman
18,Marta Ryan,BIEl6VU3cenqkuR,Tue Nov 25 1952 00:00:00 GMT+0800 (Indochina Time),Transgende
19,Mr. Billy Donnelly,46pQbh_1mWoWyzo,Fri Nov 23 1962 00:00:00 GMT+0800 (Indochina Time),T* woman
20,Marcella Lindgren,oQH66uwsYPwKz13,Tue Jul 29 2003 00:00:00 GMT+0700 (Indochina Time),Androgynou
21,Nelson Kessler,7RkUqziBsZGj_SU,Fri Feb 13 1981 00:00:00 GMT+0700 (Indochina Time),Genderquee
22,Marianne Wyman,8sXbfDyFg34cqHR,Mon Sep 25 2000 00:00:00 GMT+0700 (Indochina Time),Bigender
23,Nettie Labadie,jPZ9iV3FVK610ZI,Tue Apr 07 1998 00:00:00 GMT+0700 (Indochina Time),Androgynou
24,Nora Howe,IVqDKKKR4wOgOMJ,Sat Feb 13 1999 00:00:00 GMT+0700 (Indochina Time),Cis Man
25,Travis Kub,rjLhWOXEOBbgUs_,Sun Mar 10 2002 00:00:00 GMT+0700 (Indochina Time),Cis Male
26,Gretchen MacGyver,xWn0JE5S1MtlM9r,Thu Apr 10 1947 00:00:00 GMT+0800 (Indochina Time),Asexual
27,Woodrow Gulgowski,qlXXz7AHFC85QmD,Wed Aug 22 1956 00:00:00 GMT+0700 (Indochina Time),Female to 
28,Dr. Gerardo Gleichne,EQtpsKmk5Hn7JHY,Thu Jan 07 1993 00:00:00 GMT+0700 (Indochina Time),Male to fe
29,Freda Wolff,aNxV8mDx8LPZYBN,Fri Jun 26 1987 00:00:00 GMT+0700 (Indochina Time),F2M
30,Natalie Tromp,173sOdtBj0b5qyQ,Sat Feb 17 1968 00:00:00 GMT+0800 (Indochina Time),FTM
31,Brittany Renner,cGr7F0yhUF9LMOH,Fri Jun 15 1973 00:00:00 GMT+0800 (Indochina Time),Trans Fema
32,Wayne Reinger,YKgWevdnEn6dGm4,Thu Aug 02 1951 00:00:00 GMT+0800 (Indochina Time),Hermaphrod
33,Marlene Armstrong,0SybRyUIV9eSzQn,Sun Aug 09 1981 00:00:00 GMT+0700 (Indochina Time),Trans*Man
34,Darnell Klocko,tGYzG5Tp35pFnq8,Tue Nov 07 1989 00:00:00 GMT+0700 (Indochina Time),Neither
35,Heidi Fadel V,5xWhduCzWkCLWUv,Mon Apr 01 1974 00:00:00 GMT+0800 (Indochina Time),Polygender
36,Keith Reilly,JkSaQTUgqcdz2DX,Thu Nov 23 1978 00:00:00 GMT+0700 (Indochina Time),Two-spirit
37,Jean Durgan,MnfgOsjH0RsXt0U,Fri Apr 02 1943 00:00:00 GMT+0800 (Indochina Time),Transexual
38,Loren Ebert,CV2Ucgg65174bV0,Mon Apr 08 1946 00:00:00 GMT+0700 (Indochina Time),Pangender
39,Dr. Everett MacGyver,mQ_acX_MH8BbQRZ,Wed Aug 19 1964 00:00:00 GMT+0800 (Indochina Time),Neither
40,Ross Lueilwitz,eRyNF0xUcRWvaQS,Thu Apr 11 1991 00:00:00 GMT+0700 (Indochina Time),Transexual
41,Steve Frami V,cSLbwevTRN_2MRC,Mon Oct 13 1997 00:00:00 GMT+0700 (Indochina Time),Trans Pers
42,Tommy Larson,lPPH8IiD1Sl8V9B,Wed Nov 09 1949 00:00:00 GMT+0800 (Indochina Time),Androgynes
43,Ms. Emma Moen,_Ky11YPIzCYIyZh,Sat Dec 06 1952 00:00:00 GMT+0800 (Indochina Time),Trans
44,Elaine Schultz,oJdl06sWnzdsBXF,Sun Sep 25 1949 00:00:00 GMT+0800 (Indochina Time),Intersex m
45,Israel Reynolds,fPiFaw0Hpguwwtd,Sun Jan 07 1979 00:00:00 GMT+0700 (Indochina Time),Genderquee
46,Erika Deckow,peWRmEgOug9c9De,Fri Jun 26 1992 00:00:00 GMT+0700 (Indochina Time),Female to 
47,Larry Orn,YIZdiufDer1cQW6,Mon May 29 1950 00:00:00 GMT+0800 (Indochina Time),Female to 
48,Marcia Witting,ACQzlmJYEf5j1zb,Sun Dec 24 1989 00:00:00 GMT+0700 (Indochina Time),Male to Fe
49,Kent Turcotte,2E1mGPab9VHCx55,Wed Apr 24 1963 00:00:00 GMT+0800 (Indochina Time),Asexual
50,Johanna Balistreri,eP6tJESlNmMD7Wg,Thu Sep 06 1990 00:00:00 GMT+0700 (Indochina Time),Genderquee
51,Nicolas Cole,LRMIA_m7z269O4m,Fri Nov 21 1947 00:00:00 GMT+0800 (Indochina Time),Cis Male
52,Dr. Cheryl Wuckert,YDEgI2qZ7IxqCCO,Sun Jul 09 1944 00:00:00 GMT+0800 (Indochina Time),Transexual
53,Jeffery Reinger,oAStfY3Jw1bDiVJ,Fri Nov 05 1971 00:00:00 GMT+0800 (Indochina Time),Cis
54,Diana Grimes DDS,6TofI4cDIPPBYzD,Thu Aug 26 1976 00:00:00 GMT+0700 (Indochina Time),Male to fe
55,Ramon Emard,_qcb9dXNH9rhDh2,Mon Apr 15 1996 00:00:00 GMT+0700 (Indochina Time),Transmascu
56,Matthew Green,VftgUjMHf9QQM79,Tue Aug 04 1987 00:00:00 GMT+0700 (Indochina Time),Two* perso
57,Lynette Considine,mr8ml8rKmAJYfA6,Sun Feb 06 1955 00:00:00 GMT+0800 (Indochina Time),F2M
58,Jerome Bogan,s4Jyyc1DCGV4eO3,Fri Apr 28 1978 00:00:00 GMT+0700 (Indochina Time),Male to Fe
59,Lana Okuneva,JBKp3ZyHBa_yoHb,Wed Feb 28 1996 00:00:00 GMT+0700 (Indochina Time),Bigender
60,Robert Lockman,iu46h_zmJGWZWrs,Tue Sep 10 1957 00:00:00 GMT+0700 (Indochina Time),Transexual
61,Wade Williamson,Lf0S7X27YjEFBcd,Sun Sep 24 1978 00:00:00 GMT+0700 (Indochina Time),Intersex p
62,Ellis Bogan,fh68XyO9YiO2yy7,Sun Nov 07 1948 00:00:00 GMT+0800 (Indochina Time),Agender
63,Lisa Vandervort,mN2JNkGmaM07h89,Fri Jan 21 1949 00:00:00 GMT+0800 (Indochina Time),Gender Non
64,Marcia Feeney,ADPxzH9vVhC3b88,Thu Sep 03 1981 00:00:00 GMT+0700 (Indochina Time),Gender Flu
65,Dwayne Murray,RfJh6Rr6q3kQyrv,Tue May 29 1962 00:00:00 GMT+0800 (Indochina Time),Female to 
66,Lila Veum,mKhKs8kfwECwl2Z,Tue Aug 16 1966 00:00:00 GMT+0800 (Indochina Time),Gender Que
67,Norman Kihn,7qBml0T7Eso4HCR,Thu Aug 06 1970 00:00:00 GMT+0800 (Indochina Time),Cisgender 
68,Jean Jacobson,0CqCfPRqfhV419n,Sun Oct 16 1977 00:00:00 GMT+0700 (Indochina Time),Asexual
69,Jared Flatley,QwM9AOZsilJuj9p,Sun Feb 10 1985 00:00:00 GMT+0700 (Indochina Time),Bigender
70,Marion Bradtke,UB_bQEXT70ZuCHA,Wed Dec 03 1952 00:00:00 GMT+0800 (Indochina Time),Transexual
71,Lowell Turcotte III,qm_LSANYIeQtQy5,Tue Sep 02 1997 00:00:00 GMT+0700 (Indochina Time),Cis Female
72,Bryant Kulas,FEEXPeWY7t87tAG,Wed Jun 15 1949 00:00:00 GMT+0800 (Indochina Time),Trans Man
73,Tricia Breitenberg,O5QaG3AJVASSyPS,Tue Feb 05 1946 00:00:00 GMT+0700 (Indochina Time),Trans*Man
74,Becky Willms,S2eRnNNq939AV7F,Sat Oct 20 1984 00:00:00 GMT+0700 (Indochina Time),Gender neu
75,Erma Walter,W8dk7KMTKOB5TN0,Mon Nov 15 1971 00:00:00 GMT+0800 (Indochina Time),Genderquee
76,Johnny Dare,qlYcXnnnza2O5jf,Sun Nov 09 1986 00:00:00 GMT+0700 (Indochina Time),Cisgender 
77,Nathaniel Schinner,XnMKbBCNDB1pZEu,Sun Feb 09 2003 00:00:00 GMT+0700 (Indochina Time),Androgynes
78,Santiago Rohan,p79TB1HEQboKe3h,Mon May 18 1992 00:00:00 GMT+0700 (Indochina Time),Asexual
79,Earnest Pagac,q6wP8Ud8kOrt05b,Sat Jul 17 1999 00:00:00 GMT+0700 (Indochina Time),Transmascu
80,Howard Bradtke DDS,QnoDRIor_XW_NTE,Thu Jan 15 1948 00:00:00 GMT+0800 (Indochina Time),Androgynes
81,Mae Reinger III,vGqoZ9XpjBjh9cd,Thu Jun 29 1950 00:00:00 GMT+0800 (Indochina Time),MTF
82,Bruce Morar,jTxCXnFP6CRHyYC,Mon May 21 1973 00:00:00 GMT+0800 (Indochina Time),Gender Non
83,Donald Lowe,pDZtygpR3nJhfel,Mon Sep 22 1997 00:00:00 GMT+0700 (Indochina Time),Non-binary
84,Ruben Schmidt,sQNbkekJ0xRCIOQ,Wed Mar 11 1987 00:00:00 GMT+0700 (Indochina Time),Cisgender 
85,Stanley Rice,Ank0NI1rdrYq967,Sun Nov 07 1976 00:00:00 GMT+0700 (Indochina Time),M2F
86,Ethel Mann,jDcKldINbfI76zd,Sat Nov 13 2004 00:00:00 GMT+0700 (Indochina Time),Gender Que
87,Mr. Dwayne Heller,okn_ZueosUPM1_7,Mon Jan 19 1976 00:00:00 GMT+0700 (Indochina Time),Female to 
88,Sue Roob,sTSscXxXoA9uMON,Mon Jan 23 1967 00:00:00 GMT+0800 (Indochina Time),Gender Flu
89,Eddie Conroy,7FcIuLtFyfTrI7Q,Fri Apr 21 1978 00:00:00 GMT+0700 (Indochina Time),Trans*Male
90,Mr. Beverly Berge,JA026PloD2ZFtPS,Tue Nov 11 1997 00:00:00 GMT+0700 (Indochina Time),Male to fe
91,Guy Hodkiewicz,X3XU8FFvad526hL,Mon May 31 1943 00:00:00 GMT+0800 (Indochina Time),Transexual
92,Tracy Okuneva,fhC4OSVWIbTzlOs,Thu Nov 22 1951 00:00:00 GMT+0800 (Indochina Time),T* woman
93,Roberta Skiles,VEmlg7464i8lW3G,Wed Sep 30 1942 00:00:00 GMT+0700 (Indochina Time),Female to 
94,Martin Kuhic,1sMar5BZGGcej0A,Sun Apr 25 1943 00:00:00 GMT+0800 (Indochina Time),Trans*Pers
95,Dean Gutkowski,ogiL4E1Pp6Qk8X8,Sun Feb 15 1959 00:00:00 GMT+0700 (Indochina Time),Cisgender
96,Madeline Leannon,A1jBNulzyG5yP6d,Mon Oct 24 1949 00:00:00 GMT+0800 (Indochina Time),Trans Man
97,Ed Kozey,AIEIX7unYwQQqbM,Thu Aug 22 1957 00:00:00 GMT+0700 (Indochina Time),Trans*Pers
98,Willis Heidenreich,PCUUi9TegR4kWka,Sun Nov 12 1989 00:00:00 GMT+0700 (Indochina Time),Intersex w
99,Meredith Dare,eOk3w7dLDirIbQe,Sat Aug 05 1995 00:00:00 GMT+0700 (Indochina Time),MTF
100,Paulette Fisher II,vma84BkjlFGabSV,Sun Dec 27 1987 00:00:00 GMT+0700 (Indochina Time),Transexual
101,Juanita Rohan I,RqlmrkvZO_GsClZ,Fri Sep 13 1991 00:00:00 GMT+0700 (Indochina Time),Transexual
102,Juanita Hayes,5nkcdvXo8Sg4NiX,Fri Mar 05 2004 00:00:00 GMT+0700 (Indochina Time),Androgynes
103,Allen Padberg,hMtDRYipOvnlPHe,Mon Aug 19 1985 00:00:00 GMT+0700 (Indochina Time),Two-spirit
104,Dawn Johnson,WracHvQ0xG7_k6n,Fri Jul 31 1998 00:00:00 GMT+0700 (Indochina Time),Pangender
105,Miss Tyler Lemke,2IBlnXpJ6UkHbjE,Wed Apr 18 1945 00:00:00 GMT+0900 (Indochina Time),Male to fe
106,Eugene Koss,pBP1otUH2ImuOmF,Sat Aug 04 1984 00:00:00 GMT+0700 (Indochina Time),Transexual
107,Johnnie Lakin,sV_cZB3OWYilgnP,Sun Feb 15 1981 00:00:00 GMT+0700 (Indochina Time),Agender
108,Miss Kari Davis,a0vwJoWoEZJHsk5,Fri May 27 1994 00:00:00 GMT+0700 (Indochina Time),Gender neu
109,Antonia Blanda,3CNLQDzJsV1Cv_P,Wed Dec 26 1973 00:00:00 GMT+0800 (Indochina Time),Female to 
110,Jill Cronin,dinB1wdCKx7UkQy,Fri Mar 09 1979 00:00:00 GMT+0700 (Indochina Time),Trans Pers
111,Laurie Hegmann,lAuWpo_ZWrekm_t,Mon Dec 24 1984 00:00:00 GMT+0700 (Indochina Time),Female to 
112,Kelvin Blick,TIK2jUZHtlKSXLs,Mon Nov 27 1944 00:00:00 GMT+0800 (Indochina Time),Transexual
113,Terrance Toy I,bFHiUIOPB09qrGs,Fri May 25 1951 00:00:00 GMT+0800 (Indochina Time),Cis Male
114,Mary Beatty,RnMZRiFKNRvdXPx,Sat May 04 1996 00:00:00 GMT+0700 (Indochina Time),Trans
115,Irvin Becker Sr.,mWG3OdJzumEVoC3,Mon Dec 14 1981 00:00:00 GMT+0700 (Indochina Time),Cisgender 
116,Mr. Nina Lang,N98EQfzgama5w0a,Sat Feb 28 1981 00:00:00 GMT+0700 (Indochina Time),Transgende
117,Ms. Paul Spinka,mlhRH4ZBNyokZYo,Sat Mar 03 1990 00:00:00 GMT+0700 (Indochina Time),Transexual
118,Georgia Murazik,1Ip_PNof9yHkcog,Sun May 10 1959 00:00:00 GMT+0700 (Indochina Time),Intersex m
119,Alex Ratke,sbfpOucdWP0Fxdz,Wed Jun 21 1967 00:00:00 GMT+0800 (Indochina Time),Neutrois
120,Opal Bednar,e2AhXordWmAnNJ7,Sun Oct 06 1985 00:00:00 GMT+0700 (Indochina Time),Cis Woman
121,Tyler Auer,WvfU0s_BZEOxYYC,Mon Nov 06 2000 00:00:00 GMT+0700 (Indochina Time),Cis Woman
122,Ross Torp,ajYcJ6rDiecZu6Q,Wed Sep 30 1942 00:00:00 GMT+0700 (Indochina Time),Male to fe
123,Gilberto Gusikowski,lwybX2YlSNOYDek,Sat Sep 12 1998 00:00:00 GMT+0700 (Indochina Time),Transexual
124,Lana Feil,yNcJ_DjRW66NWQK,Sun Aug 30 1998 00:00:00 GMT+0700 (Indochina Time),Asexual
125,Pat Hagenes MD,TR57B310qilrR5R,Wed Apr 20 1983 00:00:00 GMT+0700 (Indochina Time),FTM
126,Dr. Rick Schinner,MmcVwDk3pZQwWaC,Thu Sep 25 1947 00:00:00 GMT+0800 (Indochina Time),Asexual
127,Angelina Gaylord,UlJqd8467dDh2eu,Sat Nov 25 1961 00:00:00 GMT+0800 (Indochina Time),Intersex w
128,Miss Terry Bahringer,JOuZS8Rraj6qYal,Fri Jul 30 1971 00:00:00 GMT+0800 (Indochina Time),Androgynou
129,Hazel Crona,8IXodl5RwiV_aL7,Mon Jul 07 1980 00:00:00 GMT+0700 (Indochina Time),Intersex m
130,Fannie Baumbach,cGgZLKmtqOuDjiY,Tue May 26 1959 00:00:00 GMT+0700 (Indochina Time),Pangender
131,Roderick Lind,Bmn0ktPVEbZtKYE,Thu Jun 29 1989 00:00:00 GMT+0700 (Indochina Time),Trans Pers
132,Curtis Herzog,L1LWMUywbeArDos,Mon Jan 08 1945 00:00:00 GMT+0800 (Indochina Time),Trans Pers
133,Alfredo Homenick,55AXbQMZ1P4EotX,Sun Jun 04 1950 00:00:00 GMT+0800 (Indochina Time),Non-binary
134,Pat Batz,uGv6XzJxvF5sDGt,Wed Oct 02 1985 00:00:00 GMT+0700 (Indochina Time),Two-spirit
135,Darlene Dibbert,ZtVNZJpSJrMgImq,Mon Oct 20 1958 00:00:00 GMT+0700 (Indochina Time),Trans*Fema
136,Miss Katrina Abshire,0Y98daXCKq9FkmP,Fri Oct 09 1964 00:00:00 GMT+0800 (Indochina Time),MTF
137,Miss Mitchell Prohas,3LthKGbTisgfSWS,Sat Mar 04 1989 00:00:00 GMT+0700 (Indochina Time),Cisgender 
138,Renee Schmeler,7MutOm2Jfb1Cdgi,Sun Mar 30 1952 00:00:00 GMT+0800 (Indochina Time),Intersex
139,Jesus Ziemann,fLeAPrLVH56nrfi,Tue Aug 10 1948 00:00:00 GMT+0800 (Indochina Time),Androgyne
140,Jodi Braun I,NzgeaUjZmKaldOT,Sat Dec 01 1962 00:00:00 GMT+0800 (Indochina Time),Female to 
141,Daryl Mosciski,aH7Mmc6laPNFM_n,Tue May 01 1951 00:00:00 GMT+0800 (Indochina Time),Asexual
142,Anne Bartoletti,VCBXPugE0RPHcOH,Sat Jun 26 1976 00:00:00 GMT+0700 (Indochina Time),Cis Male
143,April Lind,NFYUaaf3vTQ4fFE,Fri Nov 05 1954 00:00:00 GMT+0800 (Indochina Time),Cis Woman
144,Grady Kuhn IV,82PmM2i7rJsdCo6,Thu Jul 16 1964 00:00:00 GMT+0800 (Indochina Time),Woman
145,Ross Effertz,kUK6ithA0dD2h8I,Thu Dec 06 1945 00:00:00 GMT+0700 (Indochina Time),Pangender
146,Clay Herzog,Ixjocyh_qIX0oIa,Tue Mar 07 1961 00:00:00 GMT+0800 (Indochina Time),Cis
147,Brooke Kozey,F3EhrUQX7130KWE,Sun Dec 11 1960 00:00:00 GMT+0800 (Indochina Time),Gender Var
148,Dallas Gibson,O5mdBwsCOXQbjKQ,Wed Jan 17 1968 00:00:00 GMT+0800 (Indochina Time),Intersex p
149,Jessie Schulist,waIdCwEpsVjW5jR,Sun Oct 11 1959 00:00:00 GMT+0700 (Indochina Time),Cisgender 
150,Guillermo Heaney,Qzkofync4PHemkR,Tue Dec 19 1995 00:00:00 GMT+0700 (Indochina Time),Intersex
151,Nicole Crist,2ZDNmnPstNMwCLr,Wed Nov 02 1949 00:00:00 GMT+0800 (Indochina Time),Transexual
152,Wendy Barrows V,3OPZhJ7_4N8tp7l,Mon Nov 04 1957 00:00:00 GMT+0700 (Indochina Time),FTM
153,Dr. Gertrude Runolfs,37YQegPHYo15GA_,Thu Nov 27 1947 00:00:00 GMT+0800 (Indochina Time),Neutrois
154,Dawn Fisher,9RQDGpY3xwt7w8s,Fri May 09 1969 00:00:00 GMT+0800 (Indochina Time),Cisgender 
155,Shawn McGlynn,EO7xoN5oalFdBIT,Sat Aug 03 1957 00:00:00 GMT+0700 (Indochina Time),Trans*Pers
156,Ms. Sheri Howe,UFTyNA4hwTxkVLH,Thu Sep 21 1961 00:00:00 GMT+0800 (Indochina Time),Trans*Pers
157,Theodore Lakin,mGywh65UdKoTy1R,Thu May 07 1998 00:00:00 GMT+0700 (Indochina Time),Trans*Fema
158,Neil Bradtke,ugRI_uHh9ZrtfvT,Mon Sep 11 1967 00:00:00 GMT+0800 (Indochina Time),Other
159,Miss Felicia Stokes,_OhDWvJEwboLIxk,Wed Aug 13 1947 00:00:00 GMT+0800 (Indochina Time),F2M
160,Kelly Schoen,ecsQue3YTAMjunq,Sun Sep 17 1989 00:00:00 GMT+0700 (Indochina Time),T* woman
161,Alan Kshlerin,4xhxYesk7vvCRoO,Sat Nov 11 1961 00:00:00 GMT+0800 (Indochina Time),Cisgender 
162,Rachel Barton,tkdUV6V8y74qMqs,Thu Nov 16 1978 00:00:00 GMT+0700 (Indochina Time),T* woman
163,Keith Boyer Sr.,bzuqHHe09GlXxFG,Fri Nov 04 1983 00:00:00 GMT+0700 (Indochina Time),Trans
164,Elbert Quitzon DDS,lJCD5rsmhKiRiST,Thu Apr 11 1985 00:00:00 GMT+0700 (Indochina Time),Cisgender 
165,Randolph Blick,jTlBEUEbmvKDdaL,Sat Oct 11 2003 00:00:00 GMT+0700 (Indochina Time),Neutrois
166,Brendan Gislason,x0xqmzUlIEX2maf,Fri Sep 22 1944 00:00:00 GMT+0800 (Indochina Time),Gender Que
167,Antoinette Bogisich,1wYe0d8wlAD9nlP,Tue Jun 29 1965 00:00:00 GMT+0800 (Indochina Time),Female to 
168,Jose Kshlerin,EMaem7Kvp09eQK0,Sat Mar 24 1962 00:00:00 GMT+0800 (Indochina Time),M2F
169,Erika Fadel,BkZrLZ9AJGIudO7,Thu Dec 31 1992 00:00:00 GMT+0700 (Indochina Time),M2F
170,Freddie Rohan DVM,ThCZ0XBFYTM25xu,Sun Dec 15 1968 00:00:00 GMT+0800 (Indochina Time),F2M
171,Doris Abshire,lte7N2vFBjzgKDK,Wed May 18 1960 00:00:00 GMT+0800 (Indochina Time),Cis Male
172,Eric Denesik,dfMWN_ToDqFfoU0,Wed Aug 16 1950 00:00:00 GMT+0800 (Indochina Time),Trans*Male
173,Michele Metz,UMNpzG_1H1VLC9y,Wed Apr 10 1957 00:00:00 GMT+0700 (Indochina Time),Male to fe
174,Oscar Bayer Sr.,PiswwP9sOS5x_sX,Mon Mar 06 1944 00:00:00 GMT+0800 (Indochina Time),Trans Pers
175,Randolph Murray,sCo9hXBXSJDlwmv,Mon Mar 13 1961 00:00:00 GMT+0800 (Indochina Time),Neutrois
176,Maria Lebsack,fXN7KFKzuZOCNV3,Thu Feb 22 1968 00:00:00 GMT+0800 (Indochina Time),Gender Flu
177,Taylor Kling,ss3rXQGOGsWVZhx,Mon Mar 03 1986 00:00:00 GMT+0700 (Indochina Time),Man
178,Holly Runte,dFY7YnbkxAse00f,Thu Oct 28 1993 00:00:00 GMT+0700 (Indochina Time),Neither
179,Ms. Gustavo Moore,1SnxCtSStm6AVvM,Sat May 05 1984 00:00:00 GMT+0700 (Indochina Time),Androgyne
180,Kristopher Rempel,PX5fmMsWbJdNUPQ,Wed Sep 19 1956 00:00:00 GMT+0700 (Indochina Time),Trans*Woma
181,Mr. Melba Rice,Gt4NS6gimuPBD_U,Wed Jul 03 1963 00:00:00 GMT+0800 (Indochina Time),Trans Fema
182,Dan Connelly MD,e29hULhF6dIkIDY,Mon Jun 14 1948 00:00:00 GMT+0800 (Indochina Time),Gender Que
183,Grant Rau,bSiIe8BKHf60oDc,Thu Apr 01 1954 00:00:00 GMT+0800 (Indochina Time),Gender Var
184,Patrick Kassulke,k2mDZG30nki2b7M,Sat Jan 26 1946 00:00:00 GMT+0700 (Indochina Time),Cisgender
185,Leticia Braun,IQo3nvfmKHgef9b,Thu Sep 01 1988 00:00:00 GMT+0700 (Indochina Time),F2M
186,Carlton Senger,rui4_NFu4XJX7x_,Sun Jan 11 1981 00:00:00 GMT+0700 (Indochina Time),Agender
187,Janet Mohr,529dSUroZhhjAlS,Tue May 17 1983 00:00:00 GMT+0700 (Indochina Time),Gender Flu
188,Carole Hegmann,CXzQtcNQOnifp49,Thu Oct 05 2000 00:00:00 GMT+0700 (Indochina Time),Transexual
189,Lyle Feil,HOGAeYHxYix4HYq,Mon Jul 24 1995 00:00:00 GMT+0700 (Indochina Time),Transexual
190,Henrietta Wuckert,7vUIJrwP8kuQHWt,Sat Oct 24 1970 00:00:00 GMT+0800 (Indochina Time),Pangender
191,Ronnie Satterfield,Sm6m2DFCQX8XrOH,Wed Feb 05 1997 00:00:00 GMT+0700 (Indochina Time),Cis Woman
192,Mable Daugherty,xTmLUPW8JxKV9nM,Tue Dec 01 1964 00:00:00 GMT+0800 (Indochina Time),Cis
193,Mrs. Bradley Feest,l53svZZaoogEkOf,Sat Jul 22 1950 00:00:00 GMT+0800 (Indochina Time),Agender
194,Wm Beer,amP_m9YeCZyNT9x,Sun Apr 13 1947 00:00:00 GMT+0800 (Indochina Time),Hermaphrod
195,Susan Brakus,W4IJv6oSF995dEW,Sat Jun 12 1971 00:00:00 GMT+0800 (Indochina Time),MTF
196,Janet Cummings,9NZCbQP1KKo5kD1,Sat May 01 1971 00:00:00 GMT+0800 (Indochina Time),Intersex
197,Ellen Satterfield,fmhsxbsTnvQCcqu,Sat Nov 04 1944 00:00:00 GMT+0800 (Indochina Time),Intersex w
198,Kellie Deckow,lRYlTzPc5hhkaHm,Fri Dec 21 2001 00:00:00 GMT+0700 (Indochina Time),Female to 
199,Genevieve Predovic,jg5cScBZy74CLg7,Fri Jul 01 1988 00:00:00 GMT+0700 (Indochina Time),Hermaphrod
200,Gilberto Lindgren,jWiZdcojxlJdtyw,Thu Oct 29 1998 00:00:00 GMT+0700 (Indochina Time),Cisgender 
201,Sean Schneider,H_07h6jrdcn7teM,Mon May 31 1943 00:00:00 GMT+0800 (Indochina Time),Male to fe
202,Louise Lind,gIPcFwQZvrruG6r,Sun Dec 07 1952 00:00:00 GMT+0800 (Indochina Time),Intersex m
203,Kelly Powlowski,2npUPpOLxQUiurz,Mon Jun 20 1988 00:00:00 GMT+0700 (Indochina Time),Cisgender 
204,Mrs. Ismael Johns,v6LwrPyj2kAY9_3,Wed Sep 20 1950 00:00:00 GMT+0800 (Indochina Time),Cis
205,Francisco Tremblay,s1B76kocsjKZ48M,Sun Dec 22 1968 00:00:00 GMT+0800 (Indochina Time),Trans
206,Madeline Hauck Jr.,TZq5uF5GybjGxm5,Wed Jan 11 1956 00:00:00 GMT+0700 (Indochina Time),Cisgender 
207,Keith Gottlieb,NrFDTGt9RhBKsGW,Fri May 07 1999 00:00:00 GMT+0700 (Indochina Time),Woman
208,Jody Turcotte I,3mbqmz9AnKR8Ic6,Thu Feb 24 2000 00:00:00 GMT+0700 (Indochina Time),Asexual
209,Eric Wintheiser,4r2Ji_EAiYE8L5O,Tue Apr 18 1978 00:00:00 GMT+0700 (Indochina Time),Gender Non
210,Daisy Lynch,xHUEw5f6xsGltQT,Thu Sep 04 1952 00:00:00 GMT+0800 (Indochina Time),Cis Man
211,Santos Feeney,WUrp3F_j65dri5L,Mon Sep 25 2000 00:00:00 GMT+0700 (Indochina Time),Genderquee
212,Celia Hartmann,HvXvOzHcgF8b9QT,Mon Mar 22 1982 00:00:00 GMT+0700 (Indochina Time),Transexual
213,Jessie Swaniawski,GFaukx3d3Ly_MeW,Sat Mar 29 1958 00:00:00 GMT+0700 (Indochina Time),Intersex
214,Cameron Medhurst,WdgWwSRoq8oUHyK,Thu Oct 01 1942 00:00:00 GMT+0700 (Indochina Time),Female to 
215,Jane Funk,XljDsD4iyfxhRCj,Thu Oct 29 1942 00:00:00 GMT+0700 (Indochina Time),T* man
216,Vickie Waters DDS,LXrmwvbsypzLPb9,Wed Jan 15 1997 00:00:00 GMT+0700 (Indochina Time),Trans*Woma
217,Ashley Turner,ytlWnVcORRyb1K3,Wed Oct 16 2002 00:00:00 GMT+0700 (Indochina Time),Cis Woman
218,Francis Bartell,U4hK6MVypYhiAfX,Sun Aug 23 1964 00:00:00 GMT+0800 (Indochina Time),Cis Female
219,Elmer Kovacek,ZuHMXM46eIQtwOc,Wed Jul 28 1976 00:00:00 GMT+0700 (Indochina Time),Two-spirit
220,Dennis Corwin,2YjSkRXhe0vowZ0,Mon Feb 15 1960 00:00:00 GMT+0800 (Indochina Time),Transexual
221,Andy Schmeler,5z2BPQMg7TavPz0,Sun Dec 26 2004 00:00:00 GMT+0700 (Indochina Time),Cisgender
222,Betty Schmitt III,FeYt69zZW1H5K5X,Thu Mar 22 1962 00:00:00 GMT+0800 (Indochina Time),Transexual
223,Nathaniel Rohan,pRRbLi70IfdyUow,Tue May 12 1970 00:00:00 GMT+0800 (Indochina Time),Intersex
224,Jake Blanda II,a0XvsWXgaEA36q4,Wed Jul 02 1952 00:00:00 GMT+0800 (Indochina Time),Trans*Woma
225,Sabrina Weber,vIl0ph1_3IWMJVy,Sun Nov 19 1944 00:00:00 GMT+0800 (Indochina Time),Transexual
226,Elisa McClure I,pWZus5AZ5S_UQwZ,Sat Apr 08 1961 00:00:00 GMT+0800 (Indochina Time),Trans Male
227,Joseph Quigley,lu2M8ZsbGrJYr1u,Tue Nov 12 1963 00:00:00 GMT+0800 (Indochina Time),Male to fe
228,Benny Gerlach,XjRi3btUQQAned1,Fri May 20 1960 00:00:00 GMT+0800 (Indochina Time),Cis Female
229,Bernard Grimes,cJSfUH65iVKtp_N,Tue Sep 03 1946 00:00:00 GMT+0700 (Indochina Time),F2M
230,Mr. Eduardo Collins,tpCyz9Jb7YzBbzC,Sat May 10 1952 00:00:00 GMT+0800 (Indochina Time),M2F
231,Mrs. Elias Price,POUvBG_ee96x0w_,Mon Aug 07 1978 00:00:00 GMT+0700 (Indochina Time),Two-spirit
232,Pauline Jacobs,mNvMOw7bH6KcDsb,Thu Jan 14 1943 00:00:00 GMT+0800 (Indochina Time),Intersex m
233,Lamar Lowe,LGwcwRCFX40tBv_,Mon Mar 10 1958 00:00:00 GMT+0700 (Indochina Time),Intersex p
234,Mark Lind,x1sm5IdYb8sCaZB,Wed Apr 26 1944 00:00:00 GMT+0800 (Indochina Time),Cisgender 
235,Oscar Crist DVM,ibF2WNlLDGKAje9,Mon Jul 16 1945 00:00:00 GMT+0900 (Indochina Time),Neither
236,Kim Wehner,XDdWMQAinzcqnhk,Sun Nov 16 1975 00:00:00 GMT+0700 (Indochina Time),Trans Man
237,Calvin Jacobi,spyhfKPOlfCcbdC,Fri Aug 10 1945 00:00:00 GMT+0900 (Indochina Time),Trans Fema
238,Harvey Hermann,gEYdkLnvrI5Drjn,Mon Oct 19 1998 00:00:00 GMT+0700 (Indochina Time),FTM
239,Phyllis Strosin,E7_tDjmqvxKJmJw,Tue Oct 03 1972 00:00:00 GMT+0800 (Indochina Time),Transmascu
240,Tony Miller IV,EhZqS5wh2TRVCaS,Mon Aug 12 1957 00:00:00 GMT+0700 (Indochina Time),Male to fe
241,Christopher Fisher,MjcZd1VUyfZoLey,Wed May 08 2002 00:00:00 GMT+0700 (Indochina Time),Cisgender
242,Clint Kozey,h_Ln011n_uVoMgI,Thu Nov 25 1943 00:00:00 GMT+0800 (Indochina Time),Agender
243,Dana Jakubowski DDS,TUW_qvQRHkP2_cY,Fri Aug 23 1946 00:00:00 GMT+0700 (Indochina Time),Polygender
244,Anthony Klein,L674mNR1MxTlevJ,Tue Apr 26 1983 00:00:00 GMT+0700 (Indochina Time),Androgynou
245,Shawna Lesch,DJKKNzHbZCEuLmH,Sun Apr 25 1965 00:00:00 GMT+0800 (Indochina Time),Trans*Pers
246,Blanca Goodwin,wnEJK6jyIHZhwsx,Fri Oct 13 2000 00:00:00 GMT+0700 (Indochina Time),T* man
247,Al Koelpin,iVzfFh_wUiuAwp5,Thu Apr 21 1955 00:00:00 GMT+0800 (Indochina Time),T* woman
248,Amos Gutmann,_6xH06DcGigU9PY,Thu Jun 20 1974 00:00:00 GMT+0800 (Indochina Time),Agender
249,Mrs. Terrell Harber,PTWKXo0wwQsmwXr,Sun Mar 03 1991 00:00:00 GMT+0700 (Indochina Time),MTF
250,Patty Hammes,jmhQX2U0D_SS0eE,Mon Sep 04 1978 00:00:00 GMT+0700 (Indochina Time),Trans
251,Mrs. Felipe Lynch,APqioYSpcwoG_bB,Tue Jul 06 1943 00:00:00 GMT+0800 (Indochina Time),Two-spirit
252,Miss Melba Gottlieb,xTv_pzTTx7kSjBY,Tue Aug 18 1942 00:00:00 GMT+0700 (Indochina Time),Two-spirit
253,Martin Bechtelar,e9zyL86OHxDg_pH,Fri Feb 23 1973 00:00:00 GMT+0800 (Indochina Time),Intersex
254,Annie Wisozk,MtWbpuTHmqLpTdu,Thu Jan 01 1998 00:00:00 GMT+0700 (Indochina Time),Gender Non
255,Ginger Torphy,737TLUaDt834KWT,Fri Feb 04 1983 00:00:00 GMT+0700 (Indochina Time),Trans*Man
256,Tonya Koepp,g74U3lrRPOXw56p,Sun Aug 16 1998 00:00:00 GMT+0700 (Indochina Time),Male to fe
257,Adrian Satterfield,pdFigkhA35l8Suy,Mon Jul 01 1968 00:00:00 GMT+0800 (Indochina Time),Man
258,Perry Witting,TIePzeTfMGamkv8,Wed May 21 1986 00:00:00 GMT+0700 (Indochina Time),Cis
259,Jordan Feil,9nCVEhpzmRhkGqI,Sun Dec 14 1980 00:00:00 GMT+0700 (Indochina Time),Transexual
260,Jeffrey Bergstrom,Hh7x3LBWaMUj6DF,Fri Sep 11 1953 00:00:00 GMT+0800 (Indochina Time),Neutrois
261,Dr. Tina Mueller,zZr_BLuVxAh67hl,Sun Oct 27 1974 00:00:00 GMT+0800 (Indochina Time),Cis Female
262,Allan Dooley Sr.,R_St0gpCHrghZU_,Thu Feb 24 1966 00:00:00 GMT+0800 (Indochina Time),Cisgender 
263,Diane Runte II,KZCU2wAW7LrVkGO,Wed Jan 25 1950 00:00:00 GMT+0800 (Indochina Time),Male to fe
264,Isaac Grimes MD,JXHkHugy68m1UX7,Sat Oct 21 1967 00:00:00 GMT+0800 (Indochina Time),Genderquee
265,Christie Stracke,CV5ufSoPHgUD_ec,Wed Jul 03 1985 00:00:00 GMT+0700 (Indochina Time),Cisgender 
266,April Daniel,XywOWxUobmo3eau,Thu Jan 14 1960 00:00:00 GMT+0800 (Indochina Time),M2F
267,Joanna Ward,ge4euiZlHDeqxqL,Thu Aug 12 1971 00:00:00 GMT+0800 (Indochina Time),Trans Pers
268,Jodi Schamberger,5sffkxm4XANf5XS,Mon Mar 21 1960 00:00:00 GMT+0800 (Indochina Time),Gender Que
269,Holly Skiles,1DZhkuHaZErUcp3,Tue Mar 23 1954 00:00:00 GMT+0800 (Indochina Time),Polygender
270,Gloria Corkery,pFoioh5t9Rlqui3,Sat May 06 1950 00:00:00 GMT+0800 (Indochina Time),Gender neu
271,Gail Schamberger,Neyiqq2oPeWBmcD,Mon Feb 09 1970 00:00:00 GMT+0800 (Indochina Time),Intersex w
272,Ms. Chelsea Block,bgRYcNvCEsrrajP,Thu Dec 16 1943 00:00:00 GMT+0800 (Indochina Time),Asexual
273,Jacquelyn Marquardt,dvk5EmRRJizcAzG,Sun Jun 22 1952 00:00:00 GMT+0800 (Indochina Time),Trans
274,Bonnie Prosacco,AM9NTEcFyijsHjs,Thu Jun 03 1999 00:00:00 GMT+0700 (Indochina Time),Female to 
275,Bridget Haley,cOZpJ0_2ANleqeq,Wed Jan 17 2001 00:00:00 GMT+0700 (Indochina Time),Cis Female
276,Noah Harris,jd6oY4UINrVuZcD,Sun Oct 08 1989 00:00:00 GMT+0700 (Indochina Time),Trans Pers
277,Jessie Larkin,8b4DvqAwH0Uv3Nh,Thu Oct 16 1997 00:00:00 GMT+0700 (Indochina Time),Trans*Fema
278,Earl Simonis,h7r867j4VWhoUqO,Fri Dec 08 1972 00:00:00 GMT+0800 (Indochina Time),Trans*Pers
279,Mamie Huels,YVMlGm1mWzzETud,Mon Mar 19 1962 00:00:00 GMT+0800 (Indochina Time),Androgynou
280,Dana Emmerich,qiGQ_ENqSdmFT2Z,Mon Dec 26 1994 00:00:00 GMT+0700 (Indochina Time),Androgyne
281,Calvin Lebsack III,LcTQ8oWhGLcdEZ9,Sun Jan 18 1981 00:00:00 GMT+0700 (Indochina Time),Cisgender 
282,Angelina Gorczany,JGU5alDbU1JveBw,Tue Dec 28 1965 00:00:00 GMT+0800 (Indochina Time),Two* perso
283,Stuart Hirthe Jr.,KNdLxQZCQ7gH43R,Sat Aug 25 1990 00:00:00 GMT+0700 (Indochina Time),Female to 
284,Conrad Carter,V_aXNfYkNnbqOku,Fri Jul 05 1957 00:00:00 GMT+0700 (Indochina Time),Two* perso
285,Charlie Connelly,dqspZVL47PHQFXo,Wed Nov 21 1951 00:00:00 GMT+0800 (Indochina Time),Trans Fema
286,Dennis Walter I,GWUEQxv9ZVDVNff,Wed Aug 15 1973 00:00:00 GMT+0800 (Indochina Time),Neither
287,Lee Predovic II,FQhBCi5RIsG55kl,Tue Aug 17 1982 00:00:00 GMT+0700 (Indochina Time),Two-spirit
288,Bradford Welch,cxLxEvyzqUV4HiP,Tue May 12 1953 00:00:00 GMT+0800 (Indochina Time),Intersex m
289,Kenneth Bednar,eM7axGbC8rbWRuv,Sun May 09 1948 00:00:00 GMT+0800 (Indochina Time),Cis Male
290,Alton Balistreri,ax1RtSNDO5QCKbj,Wed Aug 11 1965 00:00:00 GMT+0800 (Indochina Time),Agender
291,Vincent DuBuque,S_PhF6nrD_ASeDK,Tue Oct 27 1970 00:00:00 GMT+0800 (Indochina Time),Gender neu
292,Harold Franecki,nAhakuRX7oZL9UO,Sun May 02 2004 00:00:00 GMT+0700 (Indochina Time),Female to 
293,Terrell Crooks,4_UrxYYtadfISTn,Fri Sep 28 1973 00:00:00 GMT+0800 (Indochina Time),Gender Que
294,Frankie Cormier,pwbNBZ67jfHWCP0,Sun Aug 22 1943 00:00:00 GMT+0800 (Indochina Time),T* man
295,Cynthia Lesch,ToGkUAsZ9Lu3AZN,Fri Feb 19 1982 00:00:00 GMT+0700 (Indochina Time),Gender Flu
296,Bridget Bechtelar,h2shVSYqFuWCVwb,Sat Feb 26 1994 00:00:00 GMT+0700 (Indochina Time),Transgende
297,Nadine Hahn,_qWrONJzoUKa2ca,Wed May 06 1964 00:00:00 GMT+0800 (Indochina Time),Intersex m
298,Matt Pouros,w9VmEX0lYIIcxbE,Thu Aug 29 2002 00:00:00 GMT+0700 (Indochina Time),Intersex w
299,Leah Kertzmann,dWQvZAXl0JLEZHg,Mon Apr 30 1962 00:00:00 GMT+0800 (Indochina Time),Gender neu
300,Colleen Nienow,4spjQIEhDVJ_ULT,Fri Jun 24 1994 00:00:00 GMT+0700 (Indochina Time),Androgynou
301,Cary Hahn,3XjsuT2oJ5BMOAV,Sat May 24 1947 00:00:00 GMT+0800 (Indochina Time),Asexual
302,Beth Jast,s9ZjZRi_iHaJc7b,Sat Aug 14 1965 00:00:00 GMT+0800 (Indochina Time),Female to 
303,Lynn Buckridge,DXzhIKTPaxJZf9A,Mon Jul 12 1965 00:00:00 GMT+0800 (Indochina Time),Transexual
304,May Sawayn IV,_ZYE7SlSlqq_jaZ,Wed Mar 26 1975 00:00:00 GMT+0800 (Indochina Time),Cisgender 
305,Enrique Jacobson,6UMGsNOcwGRne0W,Sat Dec 10 1977 00:00:00 GMT+0700 (Indochina Time),Male to fe
306,Charlene Swift,nAxv5W2gPNLas0p,Fri Apr 17 1964 00:00:00 GMT+0800 (Indochina Time),Trans Pers
307,Lila Corwin,xC4aP14pdFx9uwv,Fri May 23 1975 00:00:00 GMT+0800 (Indochina Time),Gender Var
308,Bennie Strosin,70FZRh81L0XR_J1,Fri May 02 1997 00:00:00 GMT+0700 (Indochina Time),Cis Man
309,Jill Reichert,_BndlI8o89lI4FK,Tue Dec 26 2000 00:00:00 GMT+0700 (Indochina Time),Trans*Woma
310,Hugh Torp,obEd0KDEaSlAd7H,Sat Dec 05 1998 00:00:00 GMT+0700 (Indochina Time),Cis Woman
311,Brandy Reichert IV,zP50kgwG5e9c9bw,Mon May 07 2001 00:00:00 GMT+0700 (Indochina Time),FTM
312,Mrs. Kristie Krajcik,nH6l7Di4otJaZmj,Thu Jul 15 1965 00:00:00 GMT+0800 (Indochina Time),Trans Male
313,Cristina Weber IV,OspkP7wHc1aSk93,Tue Mar 26 1996 00:00:00 GMT+0700 (Indochina Time),Gender Non
314,Flora Hane,s75pVDeNqOSqBgG,Thu Feb 21 1946 00:00:00 GMT+0700 (Indochina Time),Gender Que
315,Carole Tremblay II,8tWeIas5gNRbb1S,Fri May 05 2000 00:00:00 GMT+0700 (Indochina Time),Man
316,Derrick Zemlak,AgmpBMPjoCC95Ch,Sat Jun 17 1967 00:00:00 GMT+0800 (Indochina Time),Two-spirit
317,Miss Brad Swaniawski,JraDYOUAKRCEbpx,Tue Sep 02 1997 00:00:00 GMT+0700 (Indochina Time),Androgyne
318,Otis Lubowitz III,jOVKyqJBB3Zrr1K,Wed Nov 23 1983 00:00:00 GMT+0700 (Indochina Time),FTM
319,Edward Hahn,nh7l2rcRHLCIhP0,Fri Sep 15 1978 00:00:00 GMT+0700 (Indochina Time),Neutrois
320,Tomas Vandervort,dcH83oZXkd0PTSR,Sun Dec 13 1942 00:00:00 GMT+0700 (Indochina Time),Androgyne
321,Allen Lubowitz,Y74U9toaaamGc03,Mon Jul 15 1963 00:00:00 GMT+0800 (Indochina Time),Man
322,Adrian Stark,qvGnqHTTIAAiEbt,Sun Sep 14 1980 00:00:00 GMT+0700 (Indochina Time),Transexual
323,Ms. Shelia Stoltenbe,SFN8v_qJVGnVHxg,Thu Apr 10 1969 00:00:00 GMT+0800 (Indochina Time),Asexual
324,Edmond Stehr,NNDC4DlJH04PrkZ,Thu Feb 15 1990 00:00:00 GMT+0700 (Indochina Time),Pangender
325,Stuart Ondricka,laXFB28xhqCn1ye,Sat Jan 13 2001 00:00:00 GMT+0700 (Indochina Time),Female to 
326,Dan Doyle,RXN0jn2JxBonEYY,Fri Oct 17 2003 00:00:00 GMT+0700 (Indochina Time),Transexual
327,Eleanor Skiles,HXzYizdIxj8wtPk,Mon Apr 03 1978 00:00:00 GMT+0700 (Indochina Time),Polygender
328,Kara Reichert,Zkvuda2HD5fSWS6,Sat Feb 24 1951 00:00:00 GMT+0800 (Indochina Time),Trans Male
329,Janet Quitzon PhD,6xqfQBEIgWfHW19,Sun Sep 01 2002 00:00:00 GMT+0700 (Indochina Time),Two* perso
330,Mathew Heaney,gxjrcidmB_iBgmI,Sat Jul 30 1955 00:00:00 GMT+0700 (Indochina Time),Cis Female
331,Angel Cartwright,wHKImLjlJq0Udq_,Wed Jun 28 1950 00:00:00 GMT+0800 (Indochina Time),Gender Non
332,Lena Rolfson,d0n0n3wjq4ndfXJ,Mon Nov 27 1995 00:00:00 GMT+0700 (Indochina Time),F2M
333,Christina Jerde,fp1qgOT6KaxhWb9,Fri Nov 04 1994 00:00:00 GMT+0700 (Indochina Time),Transexual
334,Nathan Zemlak,jXt13vG4ZOHeFNz,Sun Jul 01 1951 00:00:00 GMT+0800 (Indochina Time),T* man
335,Gregg Christiansen D,GYHuXddfpYWGAx5,Sun Nov 25 1984 00:00:00 GMT+0700 (Indochina Time),Cisgender 
336,Marcus Renner Jr.,mpYZAHsbSjDyzVe,Wed Nov 03 1982 00:00:00 GMT+0700 (Indochina Time),T* woman
337,Whitney Aufderhar,3F6j9E8cB13cIeK,Thu Dec 03 1992 00:00:00 GMT+0700 (Indochina Time),Androgynes
338,Brandon Bode,gLNnYHSmx7_lRYi,Sun Aug 04 2002 00:00:00 GMT+0700 (Indochina Time),Bigender
339,Dixie Goldner,XgGW9AY8Z4H4bHL,Wed Jun 28 1944 00:00:00 GMT+0800 (Indochina Time),Gender Que
340,Dwayne Trantow III,pKilwwfRv80gBcH,Sun May 26 1974 00:00:00 GMT+0800 (Indochina Time),Hermaphrod
341,Eunice Swaniawski IV,obyDmEFypiEGcaS,Fri Jun 22 2001 00:00:00 GMT+0700 (Indochina Time),T* woman
342,Jacquelyn Hilpert,TCdHgL4IYSHSZGC,Wed Feb 01 1995 00:00:00 GMT+0700 (Indochina Time),Man
343,Joyce Pagac,TUZ5TBq4KvvVuJq,Thu Mar 31 1949 00:00:00 GMT+0800 (Indochina Time),Transexual
344,Leo Kertzmann,NH8Vu3J5m3HpOKF,Fri Sep 02 1983 00:00:00 GMT+0700 (Indochina Time),Cisgender
345,Ms. Stacy Lockman,31ATI6KUUuD0sgy,Fri Feb 06 1942 00:00:00 GMT+0700 (Indochina Time),Man
346,Roberto Trantow,mTM4OtZBj_7g5FQ,Sat Jan 09 1982 00:00:00 GMT+0700 (Indochina Time),Female to 
347,Alexandra Kuhn,xyU8NXUPv4B00bS,Sat May 23 1992 00:00:00 GMT+0700 (Indochina Time),Intersex m
348,Mrs. Darryl Barton,CTWQV9bD8SG5TNT,Mon Apr 24 1950 00:00:00 GMT+0800 (Indochina Time),Gender Que
349,Owen Zemlak,b_vtrZ78rcd4b5T,Mon Feb 21 1972 00:00:00 GMT+0800 (Indochina Time),Intersex p
350,Mrs. Raymond Bechtel,HZE0zEiFQo7YhHD,Wed Dec 02 1998 00:00:00 GMT+0700 (Indochina Time),Transexual
351,Jeannette Corkery,H0TKfiUednWEacR,Fri Jun 29 1945 00:00:00 GMT+0900 (Indochina Time),Cisgender 
352,Alfred Ernser,c45Z1ITTuINdsso,Sun May 24 1992 00:00:00 GMT+0700 (Indochina Time),Genderquee
353,Jody Wolff IV,X1mrN8Od_LEKOC_,Wed Dec 21 1966 00:00:00 GMT+0800 (Indochina Time),Transgende
354,Jacob Frami,unQ1urT5XiXsqq3,Thu Sep 14 1995 00:00:00 GMT+0700 (Indochina Time),Other
355,Ramon Conroy,78xhmVHuViTQHNq,Sun Apr 02 1967 00:00:00 GMT+0800 (Indochina Time),Cis
356,Ms. Adrian Doyle,ciRv9jMNW0QV8kU,Tue Jul 21 1942 00:00:00 GMT+0700 (Indochina Time),Genderquee
357,Levi Dicki,YL1lYhjFZ1xmuAO,Thu Mar 14 2002 00:00:00 GMT+0700 (Indochina Time),Male to fe
358,Vicki Wiza,nBT5RR9diy3mMKy,Sun Jun 21 1942 00:00:00 GMT+0700 (Indochina Time),T* man
359,Georgia Beer,snqLOBABgKu_uRB,Wed Mar 27 1963 00:00:00 GMT+0800 (Indochina Time),Trans*Woma
360,Monica Sawayn,i3u0j36LBOfozem,Sat May 24 1952 00:00:00 GMT+0800 (Indochina Time),Two-spirit
361,Nora Upton,QXXcCtuG3oAfWv6,Tue Jul 19 1988 00:00:00 GMT+0700 (Indochina Time),Transgende
362,Russell Hilpert,R_VEH0cQUnbQMEW,Thu Dec 19 1963 00:00:00 GMT+0800 (Indochina Time),Transexual
363,Chad Gusikowski,_G5kHRmDL4f_Zo2,Sun May 09 1976 00:00:00 GMT+0700 (Indochina Time),Agender
364,Judy Marks DVM,YyHlGaC7jPtYdgD,Thu Dec 05 1974 00:00:00 GMT+0800 (Indochina Time),Male to Fe
365,Harvey Schmeler,aVfZkhfQvQcNVaO,Wed Jul 12 1978 00:00:00 GMT+0700 (Indochina Time),Agender
366,Lola Kautzer,S8KJXulDGcETjRh,Mon Oct 31 1983 00:00:00 GMT+0700 (Indochina Time),Two-spirit
367,Jana Friesen,EH7NL3KtJ80rsSh,Mon Aug 15 1977 00:00:00 GMT+0700 (Indochina Time),Trans Pers
368,Erica Pfannerstill,hAw19ITTkn2XuGH,Thu Dec 16 1948 00:00:00 GMT+0800 (Indochina Time),Transexual
369,Mr. Shawna DuBuque,Ae0kzJRhoYxIhRu,Sun Feb 26 1989 00:00:00 GMT+0700 (Indochina Time),M2F
370,Noah Oberbrunner,JPVRsUkpYFIutoD,Thu Mar 06 2003 00:00:00 GMT+0700 (Indochina Time),Male to Fe
371,Dewey Kling,TgTR9MbXWK4Zy3d,Fri Mar 08 2002 00:00:00 GMT+0700 (Indochina Time),Female to 
372,Heidi Kutch PhD,tLrK7A6_YeB4dVM,Wed Oct 25 1978 00:00:00 GMT+0700 (Indochina Time),Transgende
373,Amelia Will,nknTX3FEfgHi1_W,Mon Jul 13 1981 00:00:00 GMT+0700 (Indochina Time),Cisgender 
374,Grady Abbott,rfvqoPFKjgHSUBm,Wed Jan 12 1994 00:00:00 GMT+0700 (Indochina Time),Gender neu
375,Wm Hickle,nWm9_q444HqOPWU,Wed May 11 1949 00:00:00 GMT+0800 (Indochina Time),Intersex w
376,Mrs. Melvin Luettgen,446TEqpqLQVlf5R,Sun Mar 22 1959 00:00:00 GMT+0700 (Indochina Time),Gender neu
377,Shirley Klein,JnXpgwQtVXd9fLa,Mon Feb 17 1975 00:00:00 GMT+0800 (Indochina Time),Neither
378,Mathew Gottlieb,rDKn8cdF0iwfqAJ,Tue Jun 10 1975 00:00:00 GMT+0800 (Indochina Time),Two* perso
379,Heidi Botsford,nuKNYyG8FTBIexy,Sat Aug 16 1975 00:00:00 GMT+0700 (Indochina Time),Cis
380,Leticia Streich,XEazgUYVwqDBmo3,Thu Sep 27 1990 00:00:00 GMT+0700 (Indochina Time),Male to fe
381,Debbie Gerlach,XaTmxqlHXJHtMC2,Fri Aug 05 1966 00:00:00 GMT+0800 (Indochina Time),Androgynes
382,Miss Joan Lindgren,aq8nJOKeTzWOJ15,Mon Jun 03 1957 00:00:00 GMT+0700 (Indochina Time),Male to fe
383,Vera Borer,mzt7J3ojFznOLaZ,Fri Oct 11 1996 00:00:00 GMT+0700 (Indochina Time),Transmascu
384,Rudy Dooley,XT33Q6cjMASFY0C,Fri Feb 24 1995 00:00:00 GMT+0700 (Indochina Time),Male to fe
385,Barry Stiedemann,bSYDAsZ_HuVrq3y,Tue Feb 17 2004 00:00:00 GMT+0700 (Indochina Time),Asexual
386,Christian Runolfsson,IiOnFqp6evBZrFN,Sat Dec 03 1994 00:00:00 GMT+0700 (Indochina Time),Gender neu
387,Sherri West,PkP4PbQ0wAABxAe,Mon Jun 26 1967 00:00:00 GMT+0800 (Indochina Time),Cis Man
388,Alexis Romaguera,v6VdpPYVSNuDLa4,Wed Dec 10 1975 00:00:00 GMT+0700 (Indochina Time),Cisgender 
389,Sarah Langosh,ABhPIGWM704QUVK,Thu Jan 18 1968 00:00:00 GMT+0800 (Indochina Time),Trans Male
390,Jamie Treutel,pL2TQcqwRsXlLPu,Sun Dec 02 2001 00:00:00 GMT+0700 (Indochina Time),Female to 
391,Paul Steuber,__D8YAQ6T3pHuHf,Sat Jan 27 1945 00:00:00 GMT+0800 (Indochina Time),Transexual
392,Tiffany Kuphal,b7PBMzC9XsQo23v,Fri Oct 25 1991 00:00:00 GMT+0700 (Indochina Time),Pangender
393,Ann Paucek,Lmz1pWAwYpudZF4,Thu Aug 28 1975 00:00:00 GMT+0700 (Indochina Time),Transexual
394,Paula Emard,bs54aoNVFDFQnyv,Wed Apr 11 2001 00:00:00 GMT+0700 (Indochina Time),Transgende
395,Chad Hane,NA_YOOOusj7PgUd,Thu Aug 13 1970 00:00:00 GMT+0800 (Indochina Time),Gender Flu
396,Jaime Jerde IV,CY0YuWHUwmU9u6V,Mon Nov 07 1960 00:00:00 GMT+0800 (Indochina Time),Transexual
397,Patricia Hudson,yzXcjnKBTiT4PCF,Mon Dec 28 1964 00:00:00 GMT+0800 (Indochina Time),Trans Pers
398,Ms. Larry Feil,dc1wWBQps8t6QMB,Sun Apr 18 1965 00:00:00 GMT+0800 (Indochina Time),Neutrois
399,Malcolm Strosin,ChIfzbkelHxZEMJ,Fri Apr 09 1982 00:00:00 GMT+0700 (Indochina Time),T* woman
400,Roy Renner,1Fs85kjbhvlh_iR,Wed Oct 06 2004 00:00:00 GMT+0700 (Indochina Time),Cis Male
401,Clay Morissette DVM,EU1yARYOewElbJf,Mon Aug 30 1982 00:00:00 GMT+0700 (Indochina Time),Cisgender
402,Ms. Charlie Collins,7WDYCf6sZX7vJDO,Sun Apr 08 1979 00:00:00 GMT+0700 (Indochina Time),Trans Pers
403,Nellie Hoeger,2uXRvkYgUh9XfV1,Wed Nov 09 1994 00:00:00 GMT+0700 (Indochina Time),Transexual
404,Darrin Wuckert,PEA31NuLuQOCRvh,Wed Jan 27 1993 00:00:00 GMT+0700 (Indochina Time),Trans
405,Kathryn Rolfson,ehRpbAQgJBKlL0p,Sun Dec 17 1972 00:00:00 GMT+0800 (Indochina Time),Trans*Fema
406,Alexandra Jenkins,t47SlPoSnbqpi17,Thu Apr 21 1983 00:00:00 GMT+0700 (Indochina Time),Intersex
407,Frances Lubowitz,M_d3WHkqev5DeNJ,Mon Jan 27 1992 00:00:00 GMT+0700 (Indochina Time),Trans Pers
408,Sara Shanahan,QOECKBNdc95xN9I,Thu Mar 13 1947 00:00:00 GMT+0700 (Indochina Time),Agender
409,Jerry Schultz,p9JfBdNo6vdYs8b,Wed Sep 23 1998 00:00:00 GMT+0700 (Indochina Time),Two* perso
410,Tracy Rutherford IV,tbKATGNTDrUUmS4,Mon May 25 1953 00:00:00 GMT+0800 (Indochina Time),Cisgender 
411,Milton Block,R3PfCma_fVlNm54,Sun Dec 18 1966 00:00:00 GMT+0800 (Indochina Time),Transmascu
412,Mr. Dwight Beahan,K3qjC76YHr7h6MY,Wed Oct 24 1962 00:00:00 GMT+0800 (Indochina Time),Trans Fema
413,Derrick Carroll,FM183h1vtCX7u5P,Tue Nov 07 1989 00:00:00 GMT+0700 (Indochina Time),Cis Female
414,Olivia MacGyver,67aNFj0qglVlwq0,Sun May 02 1976 00:00:00 GMT+0700 (Indochina Time),Two* perso
415,Dr. Antonio Altenwer,9tJRY0iZ_Fs89_q,Fri Mar 06 1970 00:00:00 GMT+0800 (Indochina Time),Neutrois
416,Debbie Hegmann PhD,LcqdQkJ9lSguLfF,Mon Apr 27 1992 00:00:00 GMT+0700 (Indochina Time),Cisgender 
417,Ora Collins,oagQIfzz_nRu6Wg,Wed Feb 13 1952 00:00:00 GMT+0800 (Indochina Time),Bigender
418,Josh Towne,vW4c_d47_xMj9Y0,Tue May 08 1962 00:00:00 GMT+0800 (Indochina Time),Agender
419,Rochelle Gleichner,eY9S3pJ6UXpzPbn,Mon Jan 20 1958 00:00:00 GMT+0700 (Indochina Time),Asexual
420,Thelma Rau,f0kUoyEke7MVEqi,Fri Dec 19 1958 00:00:00 GMT+0700 (Indochina Time),F2M
421,Myra Bergstrom,ovr6aMqTkoYsaq_,Fri Oct 11 1974 00:00:00 GMT+0800 (Indochina Time),Transexual
422,Betsy Swift,LmSRig2_BYU9Czs,Thu Mar 24 1988 00:00:00 GMT+0700 (Indochina Time),Two-spirit
423,Byron Turcotte,x5N68IrCvgBZh7f,Mon Sep 06 1999 00:00:00 GMT+0700 (Indochina Time),Female to 
424,Antoinette Dickinson,30zoYDJ4GfOrxyL,Tue Aug 09 1955 00:00:00 GMT+0700 (Indochina Time),Man
425,Kirk Reichert,fVwxubWuN70f25W,Thu Feb 11 1982 00:00:00 GMT+0700 (Indochina Time),Genderquee
426,Celia Mann,kU77ONrnj3kXNPC,Wed Dec 16 1970 00:00:00 GMT+0800 (Indochina Time),Trans Fema
427,Virginia Hartmann,mb5efaPoWtmq0oV,Fri Jan 16 1987 00:00:00 GMT+0700 (Indochina Time),Transexual
428,Winifred Nikolaus,cdarcS74Xb03DNZ,Wed Feb 10 1960 00:00:00 GMT+0800 (Indochina Time),Female to 
429,Nancy Jacobi,oWYyXLm2dPqV4qw,Thu Dec 16 1993 00:00:00 GMT+0700 (Indochina Time),Cisgender
430,Andy Jerde,YK9RLZkxwngM2Yu,Sat Nov 17 1973 00:00:00 GMT+0800 (Indochina Time),Intersex w
431,Samuel Jacobi DVM,GhQqLkTZdw_tw6m,Mon Oct 22 2001 00:00:00 GMT+0700 (Indochina Time),Transexual
432,Darrel Pagac,4OznadCk7u5vxH_,Sat Mar 17 1990 00:00:00 GMT+0700 (Indochina Time),Transexual
433,Traci Anderson Jr.,6qubDLTdiVOghRi,Sun May 09 1976 00:00:00 GMT+0700 (Indochina Time),Transgende
434,Santos Funk,LLxsmYXi4Rps5lx,Fri Feb 06 1976 00:00:00 GMT+0700 (Indochina Time),Female to 
435,Douglas Hoppe,dzblZliYcR3v6uu,Mon Feb 24 1958 00:00:00 GMT+0700 (Indochina Time),Bigender
436,Stanley Jacobs,0t8TWSp2VR5mzgH,Thu May 12 1994 00:00:00 GMT+0700 (Indochina Time),M2F
437,Rosemary Zemlak III,HGkXuypl9W21R_b,Sat Sep 17 1960 00:00:00 GMT+0800 (Indochina Time),Cisgender 
438,Mrs. Timmy Mayert,YvnpSiGoy4luRiz,Thu Jun 28 1979 00:00:00 GMT+0700 (Indochina Time),Trans Male
439,Kerry Franecki,61iKIpvdmsXFyBP,Mon Oct 23 2000 00:00:00 GMT+0700 (Indochina Time),Trans Fema
440,Lorenzo Roob,GmmoOUb1qm5Ztkd,Sat Dec 27 1980 00:00:00 GMT+0700 (Indochina Time),Cisgender 
441,Edwin Cartwright,5YEhEYtuAS7JeUt,Sun Nov 06 1955 00:00:00 GMT+0700 (Indochina Time),Two-spirit
442,Johnathan Denesik,zeCUXFT_0RbTyNy,Thu Dec 07 1950 00:00:00 GMT+0800 (Indochina Time),MTF
443,Grady Hamill,h4QwkjSKwZZLliq,Tue Aug 18 1942 00:00:00 GMT+0700 (Indochina Time),Transmascu
444,Rose Torphy,i4nRIh_51FFfiKj,Wed Feb 12 1969 00:00:00 GMT+0800 (Indochina Time),Cis Woman
445,Christina Quigley,S7kPkfUEolXoJQE,Mon Jun 09 2003 00:00:00 GMT+0700 (Indochina Time),Intersex
446,Brandon Aufderhar,r91jPcYB7KEPyqu,Wed Oct 03 1990 00:00:00 GMT+0700 (Indochina Time),Intersex m
447,Jeannette Schowalter,gsCx2_ptOVfVv4d,Wed Jan 07 1942 00:00:00 GMT+0700 (Indochina Time),MTF
448,Omar Zieme,ETchbViSm2XIIWZ,Mon Feb 21 1977 00:00:00 GMT+0700 (Indochina Time),Cis
449,Miss Sandy Baumbach,_oAwP95y53pValQ,Thu Sep 16 1948 00:00:00 GMT+0800 (Indochina Time),Transexual
450,Miranda Botsford,CnnvyiCLvvbR958,Sun May 13 1956 00:00:00 GMT+0700 (Indochina Time),Intersex p
451,Alberto Stoltenberg,SpHMtbRYjzvkMC6,Sun Sep 18 1977 00:00:00 GMT+0700 (Indochina Time),Cisgender 
452,Dr. Joanna Beatty,iijBsaLu0LEAifS,Mon Jun 30 1975 00:00:00 GMT+0700 (Indochina Time),Transexual
453,Rodney Rowe III,qrPJQjhzwWjjfRy,Tue May 06 1958 00:00:00 GMT+0700 (Indochina Time),Androgyne
454,Rhonda Reichert,qzOP2n8Exoh5Fe9,Wed Oct 30 1996 00:00:00 GMT+0700 (Indochina Time),Transexual
455,Nadine Rippin,sxxYnQUPxekwMMB,Tue Mar 05 1996 00:00:00 GMT+0700 (Indochina Time),Intersex w
456,Damon Rohan,44tpOIt4V3CInCT,Fri May 12 1978 00:00:00 GMT+0700 (Indochina Time),Male to fe
457,Gilbert Schamberger,eM61sK8MflNtego,Wed Apr 29 1942 00:00:00 GMT+0700 (Indochina Time),Man
458,Mr. Bertha Jaskolski,9BYPVi15XgO6Hzf,Fri Apr 27 2001 00:00:00 GMT+0700 (Indochina Time),Trans Man
459,Charlotte Torphy,ZqeVPxs2SMpb8xQ,Sun May 31 1942 00:00:00 GMT+0700 (Indochina Time),Agender
460,Krista Shields,VjKjHWso_l5SgEi,Wed Jan 25 1967 00:00:00 GMT+0800 (Indochina Time),Trans Male
461,Cecilia Wisoky PhD,F54uUVjRsggOMrN,Thu Feb 21 1980 00:00:00 GMT+0700 (Indochina Time),Transmascu
462,Lee Murray,92dqbtWjbn9ICcq,Fri Mar 15 1946 00:00:00 GMT+0700 (Indochina Time),Female to 
463,Becky Nikolaus,GqW0bJoJgaMhtjI,Sat Oct 06 1990 00:00:00 GMT+0700 (Indochina Time),Two* perso
464,Craig Schaden IV,MjyEAKTl4Cw5fEE,Tue Sep 24 1974 00:00:00 GMT+0800 (Indochina Time),Cis Woman
465,Lucas Parker,FlJqMQXJFLXjmSW,Wed Dec 14 1955 00:00:00 GMT+0700 (Indochina Time),MTF
466,Cecilia West,xZBis6yWMVV2VD9,Mon Oct 07 1946 00:00:00 GMT+0700 (Indochina Time),Trans*Fema
467,Molly Larson,7JYcy2ikVUxRmwq,Wed Jun 30 1943 00:00:00 GMT+0800 (Indochina Time),Trans*Pers
468,Sheri Russel,gyHjm2pqU1wP25V,Sat Apr 21 2001 00:00:00 GMT+0700 (Indochina Time),T* man
469,Alberto Bradtke,xq_Lhb833GSyVVy,Wed Nov 24 1976 00:00:00 GMT+0700 (Indochina Time),Woman
470,Sheila Brakus,BrwtZk3q7fGZmB4,Sat Oct 23 1965 00:00:00 GMT+0800 (Indochina Time),Male to Fe
471,Alice Ferry,lD4YIcvIOGBVORN,Tue Nov 09 1993 00:00:00 GMT+0700 (Indochina Time),Neither
472,Bernadette Graham,L_rNtMgrOFO_j1G,Tue Dec 31 1957 00:00:00 GMT+0700 (Indochina Time),FTM
473,Phil Ankunding,Uj5Q7CTjt4daDh5,Mon Mar 04 1991 00:00:00 GMT+0700 (Indochina Time),Trans
474,Elsie Kuphal,wSzyA3eFcPe75j0,Thu Feb 19 2004 00:00:00 GMT+0700 (Indochina Time),Transexual
475,Kate Schroeder,PSefPeACkp2TWRJ,Wed Aug 17 1949 00:00:00 GMT+0800 (Indochina Time),Cis Man
476,Jessie Weimann,DUx6F0sAtYn_kaj,Wed Jul 05 1972 00:00:00 GMT+0800 (Indochina Time),Female to 
477,Ms. Byron Flatley,0YEPLADmUq4_kX9,Tue Apr 04 1972 00:00:00 GMT+0800 (Indochina Time),Gender Que
478,Karla Dibbert,2w91khWVLAudoWg,Mon Jul 24 1961 00:00:00 GMT+0800 (Indochina Time),Female to 
479,Nettie Gerlach,U0phCgH_Y1_lu9X,Fri Jun 13 1997 00:00:00 GMT+0700 (Indochina Time),Cis Female
480,Tami Pouros,wFocZHueGbT7mXq,Sat Jan 11 2003 00:00:00 GMT+0700 (Indochina Time),Asexual
481,Ralph Walter,dmyqat_ZLI1lX6x,Fri Jul 18 1969 00:00:00 GMT+0800 (Indochina Time),Cisgender 
482,Miss Peggy Beatty,2aDbbI1L4iJlmup,Mon May 21 1984 00:00:00 GMT+0700 (Indochina Time),Asexual
483,Elijah Frami,eRNsTl6ru8NlPGp,Fri Oct 10 2003 00:00:00 GMT+0700 (Indochina Time),T* man
484,Earl Morissette,WVCLjsdfGF0mUtL,Sun Dec 01 1996 00:00:00 GMT+0700 (Indochina Time),Cis Woman
485,Orville Torphy,7_Q8PUkbJFarxzT,Sat Dec 25 1982 00:00:00 GMT+0700 (Indochina Time),Agender
486,Jimmie Ebert,RtvjGEr195KGTcr,Thu Apr 07 1983 00:00:00 GMT+0700 (Indochina Time),Cis Man
487,Viola Hodkiewicz,n1AMDfp4l6GOWuN,Fri Jan 01 1965 00:00:00 GMT+0800 (Indochina Time),Woman
488,Marion Quitzon,joC1F7_cUsEWd_8,Mon Jul 11 1983 00:00:00 GMT+0700 (Indochina Time),Trans Male
489,Gregory Ruecker Sr.,kSONayw1MlZ9tUu,Sun Mar 15 1959 00:00:00 GMT+0700 (Indochina Time),Female to 
490,Marcos Hudson,kDsm9Npuu46wCgD,Sun Jan 24 1982 00:00:00 GMT+0700 (Indochina Time),Two* perso
491,Marie Cruickshank,Y5uad5GWvP01zZv,Fri May 01 1998 00:00:00 GMT+0700 (Indochina Time),Cis Man
492,Jesse Gutmann,vg4gAWFA0A3lxBg,Thu Sep 25 1969 00:00:00 GMT+0800 (Indochina Time),Polygender
493,Katie Feil,Ld4gJqFbl3M9zmC,Tue Nov 05 1996 00:00:00 GMT+0700 (Indochina Time),Cisgender 
494,Erika Becker,9zFvj7icwfb3k3J,Fri May 29 1953 00:00:00 GMT+0800 (Indochina Time),FTM
495,Wm Howe,H2aMxq6JAAEFOpf,Fri Sep 20 1974 00:00:00 GMT+0800 (Indochina Time),Other
496,Gerald Roberts,fQXxj8Evoc_XTOj,Tue Sep 25 1990 00:00:00 GMT+0700 (Indochina Time),Transexual
497,Vanessa Altenwerth,odIjB8m5nRZj0Ml,Mon May 03 1976 00:00:00 GMT+0700 (Indochina Time),Female to 
498,Drew Herzog,QbOaLr8zZEBGiAQ,Sun Dec 10 1972 00:00:00 GMT+0800 (Indochina Time),Cisgender
499,Albert Durgan,ep8MFbd1n7LXjF1,Thu Oct 12 1989 00:00:00 GMT+0700 (Indochina Time),Transexual
500,Erin Hauck,XFco0Vqh0bIvido,Sun Nov 03 1957 00:00:00 GMT+0700 (Indochina Time),Male to fe
501,Jennifer Jacobi,QfgcNO4QfrYsX1e,Wed Jan 07 1953 00:00:00 GMT+0800 (Indochina Time),Androgyne
502,Thomas Stiedemann,NaAFFIKBadYiY3C,Tue Nov 17 1964 00:00:00 GMT+0800 (Indochina Time),Other
503,Mrs. Franklin Heller,mjxPkBcGJIzkjRz,Wed Dec 25 1974 00:00:00 GMT+0800 (Indochina Time),Two-spirit
504,Josephine Koelpin,ofkHpjOLMs6clMg,Fri Sep 08 1972 00:00:00 GMT+0800 (Indochina Time),Two* perso
505,Mrs. Natasha Kunze,hH5gPuNPtKlIQgS,Fri May 26 1961 00:00:00 GMT+0800 (Indochina Time),Other
506,Pete Will,5ea4hRyZiHMvymN,Fri Jul 18 2003 00:00:00 GMT+0700 (Indochina Time),Trans Pers
507,Sonia Kunze,A3G584qPbOldZQs,Mon Jun 14 1976 00:00:00 GMT+0700 (Indochina Time),Trans
508,Alton Turner Sr.,7dSLkLXTVWDFAFt,Thu Sep 16 2004 00:00:00 GMT+0700 (Indochina Time),Intersex p
509,Julius Heaney,ZlKJ5Xxbrht3Q4u,Sun May 19 1991 00:00:00 GMT+0700 (Indochina Time),Androgynes
510,Bob Bergnaum,tLOWTmApib8LFq5,Thu Jan 26 1995 00:00:00 GMT+0700 (Indochina Time),Gender neu
511,Ms. Latoya Bartell,KJa6G1PBY9kV4X8,Fri Apr 28 1995 00:00:00 GMT+0700 (Indochina Time),FTM
512,Bruce Orn,zTrBVYeFDPn68gc,Thu Jun 06 1985 00:00:00 GMT+0700 (Indochina Time),Transexual
513,Kristen Miller,Ykf5bD3PI2iIcYh,Thu Apr 20 1961 00:00:00 GMT+0800 (Indochina Time),Cis Female
514,Heidi Schulist,OhIVGLD1FSmJrCy,Sun Mar 18 1956 00:00:00 GMT+0700 (Indochina Time),Asexual
515,Simon Roberts,2amJtye9lZ7Hvhb,Tue Feb 14 1989 00:00:00 GMT+0700 (Indochina Time),Transexual
516,Alberto Kilback,DA9Kd3pXzO_9CB9,Thu Oct 20 1994 00:00:00 GMT+0700 (Indochina Time),Gender Flu
517,Maria Mosciski,fzmnIbP5ZKRjN3w,Fri Nov 24 2000 00:00:00 GMT+0700 (Indochina Time),Female to 
518,Shelia Klein,wXXU8oruObhYI1a,Wed Dec 31 1980 00:00:00 GMT+0700 (Indochina Time),Transexual
519,Michael Mayer,HvMIDvCPKZqqzOX,Wed Feb 20 1980 00:00:00 GMT+0700 (Indochina Time),Male to fe
520,Mr. Elsa Cremin,vUdpFbVEcqlIA3n,Sat May 03 1997 00:00:00 GMT+0700 (Indochina Time),Genderquee
521,Kathryn Russel DVM,YjrpeWBZNQQvo5S,Fri Aug 04 1961 00:00:00 GMT+0800 (Indochina Time),Transexual
522,Geneva Wisoky,4e8OjT5K1wQl2ap,Thu Jul 05 1951 00:00:00 GMT+0800 (Indochina Time),Transexual
523,Gilberto Franecki,wF6L62jAmISqdlN,Wed May 18 1966 00:00:00 GMT+0800 (Indochina Time),Pangender
524,Mercedes Ortiz,D2FNhEaUL9FWH9D,Wed Sep 11 1996 00:00:00 GMT+0700 (Indochina Time),Gender Var
525,Miss Ross Glover,sXoCxfSe9WKqfiK,Tue Nov 13 1979 00:00:00 GMT+0700 (Indochina Time),Cisgender 
526,Willie Lueilwitz,VQB2uLd__gka0zX,Sun Jun 21 1942 00:00:00 GMT+0700 (Indochina Time),Neutrois
527,Larry Windler,FfS7eutWwYkINkK,Sun Feb 23 2003 00:00:00 GMT+0700 (Indochina Time),Female to 
528,Della Okuneva,_G6Ksufn0bch7JL,Mon Dec 11 1961 00:00:00 GMT+0800 (Indochina Time),Cis Female
529,Clyde Stroman,eLvwGr8CBWoYFh_,Fri Oct 10 1969 00:00:00 GMT+0800 (Indochina Time),Female to 
530,Josefina Kassulke Sr,R1Lx4MfRkh8Zoi0,Wed Dec 26 1979 00:00:00 GMT+0700 (Indochina Time),Cis Woman
531,Ralph Hegmann,58jzl6uHsn8ygwD,Sun Jul 19 1970 00:00:00 GMT+0800 (Indochina Time),Trans*Man
532,Cody Blick,I6IYi0T1zaoN3Mz,Fri Jan 03 1964 00:00:00 GMT+0800 (Indochina Time),Male to fe
533,Krista Legros,CnHHq90ApayE2sU,Tue Dec 16 1969 00:00:00 GMT+0800 (Indochina Time),Trans*Woma
534,Margie Balistreri,cAMKq7Y7fWDm8H5,Fri Jun 11 1982 00:00:00 GMT+0700 (Indochina Time),Cisgender 
535,Lonnie Anderson,IPC1RyVnUTNHGWw,Wed Apr 21 1976 00:00:00 GMT+0700 (Indochina Time),Intersex m
536,Norma Dicki,cGxDosJ33tTTQrX,Sun May 23 1965 00:00:00 GMT+0800 (Indochina Time),FTM
537,Lillie Hagenes,UBGdmu3n3Uyjg4M,Tue May 23 1944 00:00:00 GMT+0800 (Indochina Time),Female to 
538,Jermaine Wiegand,ReY50TdNFGfP_te,Fri Nov 13 1992 00:00:00 GMT+0700 (Indochina Time),Trans*Fema
539,Julius Runte,ZIiMcviJv49Zwht,Wed Aug 04 1982 00:00:00 GMT+0700 (Indochina Time),Transexual
540,Rosie Mante,xWUJZ_F5bq0yMmt,Fri Mar 19 1954 00:00:00 GMT+0800 (Indochina Time),Intersex w
541,Toby Smitham,QsXdagFdbV1Y3Ef,Mon Mar 14 1983 00:00:00 GMT+0700 (Indochina Time),Trans Pers
542,Vanessa Gerlach Jr.,o2ypEaa49huxZjI,Wed Dec 04 1957 00:00:00 GMT+0700 (Indochina Time),Trans Male
543,Christie Trantow MD,KIz4KapgcYoOXj3,Mon Oct 06 1997 00:00:00 GMT+0700 (Indochina Time),Intersex m
544,Regina Kulas,XHKzNyuEWZ9JbOV,Fri Jan 25 1985 00:00:00 GMT+0700 (Indochina Time),Transgende
545,Fredrick Gerlach II,TB07BKVx5igswMp,Mon Feb 18 1991 00:00:00 GMT+0700 (Indochina Time),Transexual
546,Dr. Lola Gaylord,FMWJ5Y_S0laoDog,Sat Feb 23 1980 00:00:00 GMT+0700 (Indochina Time),Gender neu
547,Ervin Stokes,SMm0ohrAJjp7ocT,Mon Jan 25 1999 00:00:00 GMT+0700 (Indochina Time),Neutrois
548,Linda Cruickshank,mjIozNd2guPfuK5,Thu Dec 23 1999 00:00:00 GMT+0700 (Indochina Time),Transexual
549,Dr. Tommy Hayes,qSGIY5Waz18a6VH,Tue Jan 14 1964 00:00:00 GMT+0800 (Indochina Time),Gender Que
550,Johnnie VonRueden Sr,ijV2uKKVuXeOTwh,Thu Jan 13 1955 00:00:00 GMT+0800 (Indochina Time),Male to fe
551,Ruben Corwin,_U8vbRGXM5Aq89m,Fri Nov 10 1995 00:00:00 GMT+0700 (Indochina Time),Trans*Male
552,Ms. Cedric Anderson,dvu6Cqat9AWvPB_,Thu Jan 15 1942 00:00:00 GMT+0700 (Indochina Time),Cisgender 
553,Katie Schaden,qznzWc_aYYglaRg,Mon Mar 23 1942 00:00:00 GMT+0700 (Indochina Time),Non-binary
554,Marsha Bednar,CEshSIhzEW3H5YO,Thu Mar 08 1990 00:00:00 GMT+0700 (Indochina Time),Female to 
555,Ebony Cruickshank,EcrxgE7YRiPyjvK,Fri Mar 08 1957 00:00:00 GMT+0700 (Indochina Time),Asexual
556,Alberta Lang,c04sOPdYQdSJVl_,Sat Jan 17 2004 00:00:00 GMT+0700 (Indochina Time),Cis Man
557,Julian Streich,U3YIgLYkRk1tLi9,Mon Oct 29 1962 00:00:00 GMT+0800 (Indochina Time),Intersex p
558,Dr. Justin Tillman,MxhYL6xaBMmF2I7,Fri Feb 11 1966 00:00:00 GMT+0800 (Indochina Time),Neutrois
559,Melba Jacobs PhD,Ue5LEMpd9bx7FhI,Wed Mar 31 1993 00:00:00 GMT+0700 (Indochina Time),Polygender
560,Jane Zulauf DDS,7d2DDAQNiP6NLFj,Mon Jan 18 1960 00:00:00 GMT+0800 (Indochina Time),Hermaphrod
561,Heather Johnson,5tRwLpvY91BhxQC,Tue Nov 08 1949 00:00:00 GMT+0800 (Indochina Time),Genderquee
562,Woodrow Bartoletti,DnyUcHwWt6bFxiy,Mon May 10 1943 00:00:00 GMT+0800 (Indochina Time),Male to fe
563,Suzanne Kutch,FecjS07jmHKlrP6,Sun Jul 18 1999 00:00:00 GMT+0700 (Indochina Time),Transexual
564,Rodney Schoen,IqLT612UD_TyDgl,Tue Jul 14 1970 00:00:00 GMT+0800 (Indochina Time),Cisgender 
565,Don Medhurst,1L510GwYhOaaKnu,Tue Jan 29 1946 00:00:00 GMT+0700 (Indochina Time),Female to 
566,Sue Trantow IV,3JIf4WGJyB70XEx,Mon Jan 18 1943 00:00:00 GMT+0800 (Indochina Time),Two-spirit
567,Mario Schoen,ynXE1Jm_ZJ6GSTn,Sun May 05 1946 00:00:00 GMT+0700 (Indochina Time),Gender Que
568,Mitchell Schoen,pnY9quzcNlfT7om,Tue May 08 1962 00:00:00 GMT+0800 (Indochina Time),Androgynou
569,Joanna Carroll,mCEWIGbloxzGEXA,Tue Mar 12 1963 00:00:00 GMT+0800 (Indochina Time),Gender Flu
570,Whitney Gerhold,v3O1GC9dEu_jE0Z,Tue May 11 2004 00:00:00 GMT+0700 (Indochina Time),Gender Que
571,Becky Botsford,6Mlk8IdgtueXsJB,Mon Aug 12 1957 00:00:00 GMT+0700 (Indochina Time),Transexual
572,Genevieve Beer MD,tHhkm8JwGOq4JYR,Fri Jul 04 2003 00:00:00 GMT+0700 (Indochina Time),Asexual
573,Karl Cremin Sr.,A0nfQpBDuBMyxyr,Wed Sep 22 1982 00:00:00 GMT+0700 (Indochina Time),Intersex m
574,Mr. Tami Kertzmann,UrxR61uHfgT5xsv,Mon Jul 04 1988 00:00:00 GMT+0700 (Indochina Time),Trans*Woma
575,Kelly Towne,S3zV8P2iOLJKLk_,Sat Nov 30 1974 00:00:00 GMT+0800 (Indochina Time),Trans Man
576,Deanna Bode,Ci4lm6D1sZaa6LL,Sun Jul 03 1966 00:00:00 GMT+0800 (Indochina Time),Agender
577,Allen Torphy,LFQ38_ca7xlDSs8,Mon Aug 23 1948 00:00:00 GMT+0800 (Indochina Time),Intersex
578,Loren Hilll,jLPXR477ia05Rvh,Fri Dec 23 1994 00:00:00 GMT+0700 (Indochina Time),FTM
579,Amos Ryan,xD2tPkgJUBq9oBC,Sun Aug 03 1958 00:00:00 GMT+0700 (Indochina Time),Trans Pers
580,Beverly Jacobson Sr.,noe5oYGP9M3VGND,Sat May 09 1998 00:00:00 GMT+0700 (Indochina Time),Transexual
581,Frankie Olson II,oseNVzbrnK4KilQ,Sat May 25 1946 00:00:00 GMT+0700 (Indochina Time),Female to 
582,Jesse Swift,2HbiDF7SwGmBNSb,Tue Sep 07 1965 00:00:00 GMT+0800 (Indochina Time),Male to Fe
583,Janie Smitham,bwP7EWFHaIx0j38,Thu Mar 21 1974 00:00:00 GMT+0800 (Indochina Time),Gender Var
584,Bridget Zemlak,47dVqI7MnDWhfab,Mon Sep 10 1962 00:00:00 GMT+0800 (Indochina Time),Male to fe
585,Erik Murray III,krCPqCy44OctxGS,Sun Dec 05 1982 00:00:00 GMT+0700 (Indochina Time),Pangender
586,Jody Lemke,uZ7f_bYUQWa5Vhc,Fri Feb 14 1969 00:00:00 GMT+0800 (Indochina Time),F2M
587,Dominick Glover,0iUyTLJUpjkhtpa,Thu Feb 23 1995 00:00:00 GMT+0700 (Indochina Time),Intersex m
588,Lillian Will,ferGUgOl1itiQpl,Mon Jun 08 1981 00:00:00 GMT+0700 (Indochina Time),Trans*Fema
589,Doris Romaguera,XmJITMUkEGlYY4q,Fri Jan 21 2000 00:00:00 GMT+0700 (Indochina Time),Gender Que
590,Jon McClure,7Vn_JSrwtBaXcxa,Sat Dec 15 1956 00:00:00 GMT+0700 (Indochina Time),Intersex m
591,Jacob Cole,BhTi8p0nwcn3jLa,Wed Mar 15 1944 00:00:00 GMT+0800 (Indochina Time),Female to 
592,Adam Pfeffer,da5VUALJHboSVFN,Fri Mar 05 1999 00:00:00 GMT+0700 (Indochina Time),Genderquee
593,Alex McClure,VqYBgs2jnuuDdSN,Sat Sep 22 1956 00:00:00 GMT+0700 (Indochina Time),Male to Fe
594,Mr. Pat Walsh,kFnOuHpu7fZ9Ucu,Mon Feb 05 1968 00:00:00 GMT+0800 (Indochina Time),Cis Woman
595,Ron Padberg,jU6z69GrG8Kyxto,Wed Feb 12 1992 00:00:00 GMT+0700 (Indochina Time),Male to fe
596,Paulette Farrell,AikB1CN1kNrkwrn,Sun Jun 13 1943 00:00:00 GMT+0800 (Indochina Time),Male to Fe
597,Molly Boyer,PO_EOEsNvMIAYs8,Tue Nov 29 1955 00:00:00 GMT+0700 (Indochina Time),Hermaphrod
598,Alexander Hansen,G1SQxanTuhky_c9,Thu Oct 07 1943 00:00:00 GMT+0800 (Indochina Time),Trans*Man
599,Bertha Senger MD,MGmg2HrmAA4W8RI,Fri Apr 06 1979 00:00:00 GMT+0700 (Indochina Time),Cisgender 
600,Malcolm Schaden,TdiTxkWjPpfEAMa,Sun Mar 04 2001 00:00:00 GMT+0700 (Indochina Time),Transexual
601,Gail Kirlin,dSP9lkjvK6hvGx6,Wed Jun 09 1976 00:00:00 GMT+0700 (Indochina Time),Transexual
602,Shane Kling,b7d7yOfp7y0QqPE,Mon Nov 28 1960 00:00:00 GMT+0800 (Indochina Time),Cis Male
603,Ruby Ruecker,3G6c00inOIjziOC,Wed Nov 09 1994 00:00:00 GMT+0700 (Indochina Time),Cisgender
604,Danielle Stracke,OJu39Bv7UGX8GJu,Wed Sep 26 1973 00:00:00 GMT+0800 (Indochina Time),Two-spirit
605,Essie Runte,R1mWOUxfexLRI5c,Fri Feb 11 1994 00:00:00 GMT+0700 (Indochina Time),Male to fe
606,William Rodriguez,74SAU8K6D6eQxY4,Fri Jan 13 1961 00:00:00 GMT+0800 (Indochina Time),Transexual
607,Lora Mitchell,F59K08iWrBCvIr0,Sun Jul 13 1980 00:00:00 GMT+0700 (Indochina Time),Cisgender 
608,Leland Schinner MD,De2NfKUHysBB55P,Sun Nov 28 1954 00:00:00 GMT+0800 (Indochina Time),Cis
609,Casey Lemke,1Mv7v4sIv6IyGKP,Sun Nov 02 1980 00:00:00 GMT+0700 (Indochina Time),Bigender
610,Henrietta Lowe DVM,eXSzDuSkYLwwdCm,Thu Feb 13 1997 00:00:00 GMT+0700 (Indochina Time),Trans Fema
611,Claire Cassin,LfsIG3Jsd7F60B9,Mon Jul 01 1991 00:00:00 GMT+0700 (Indochina Time),Cisgender 
612,Wilbert Mayer,kkZgZIOtgJAm3zx,Fri Oct 13 1972 00:00:00 GMT+0800 (Indochina Time),Cisgender 
613,Kay Graham,iQHb1YvLBw4BtPU,Fri Mar 24 1950 00:00:00 GMT+0800 (Indochina Time),Bigender
614,Francisco Hartmann,1GbHKIlbbnTq77D,Mon Nov 20 1995 00:00:00 GMT+0700 (Indochina Time),Two* perso
615,Darlene Hartmann,ZbKCm6Dd_6RHwy6,Tue Sep 19 1961 00:00:00 GMT+0800 (Indochina Time),Intersex
616,Tiffany Kulas II,rADv_DzV5ejTgUC,Fri Aug 14 1959 00:00:00 GMT+0700 (Indochina Time),Transexual
617,Mercedes Kreiger,q3YqxZJc9c1h3_h,Fri May 14 1943 00:00:00 GMT+0800 (Indochina Time),Intersex w
618,Jessica Olson,OFtEpEowuKtriHm,Tue Dec 05 1961 00:00:00 GMT+0800 (Indochina Time),Cisgender 
619,Orville Deckow,fMzoYIIqBwtg6UT,Wed Feb 27 1985 00:00:00 GMT+0700 (Indochina Time),Intersex
620,Elsa Hoppe,6LP4IAO1cwaRgkp,Fri Dec 24 1943 00:00:00 GMT+0800 (Indochina Time),Intersex p
621,Mr. Eula Cole,L1ZpAnRoWD4ugUj,Sun Feb 23 1969 00:00:00 GMT+0800 (Indochina Time),Cis Male
622,Javier Lang,jos2UvKFN447jMS,Tue Oct 15 1957 00:00:00 GMT+0700 (Indochina Time),Trans*Male
623,Felix Schuster,yFuKoSKQXMu1mmA,Sun Aug 18 1985 00:00:00 GMT+0700 (Indochina Time),MTF
624,Kelly Quitzon,ZX2BmDvYNyfofle,Tue Sep 20 1983 00:00:00 GMT+0700 (Indochina Time),Male to fe
625,Toby Boyer,YHT56br8IFc1E3F,Thu Jun 28 1956 00:00:00 GMT+0700 (Indochina Time),Agender
626,Mr. Gertrude Bergnau,N3NdBbkDkvbtnm9,Sun Jun 09 1985 00:00:00 GMT+0700 (Indochina Time),Trans Pers
627,Olivia Zulauf,7CWZzozcGLzcmEj,Sat Jun 18 1949 00:00:00 GMT+0800 (Indochina Time),Trans*Fema
628,Oscar Auer,S8QcubJnlrhFMUk,Fri Jan 30 1959 00:00:00 GMT+0700 (Indochina Time),Cisgender 
629,Paul Willms,Ujlmm0LJtX5dzgS,Sun Jul 06 1975 00:00:00 GMT+0700 (Indochina Time),Gender neu
630,Gina Rippin,KuprfywpYIt08wP,Wed Jan 10 1945 00:00:00 GMT+0800 (Indochina Time),Cisgender
631,Nick Wehner,rw8WE5YQpPgRcPr,Sat Jun 20 1998 00:00:00 GMT+0700 (Indochina Time),Transgende
632,Victor Satterfield,8nBqywtMFRfcU3j,Wed Feb 16 1994 00:00:00 GMT+0700 (Indochina Time),Trans*Pers
633,Arnold Grimes,fUS_5Ty2oM1srEM,Mon Sep 14 1964 00:00:00 GMT+0800 (Indochina Time),Trans*Pers
634,Lloyd Bechtelar III,wpr6oWmt0N125mk,Thu Dec 31 1942 00:00:00 GMT+0700 (Indochina Time),T* man
635,Tom Padberg,aA9PraO8pTmgkGR,Tue Jun 06 1950 00:00:00 GMT+0800 (Indochina Time),Cisgender 
636,Doyle Koch,IW8ZDGEdXD9UEPy,Sat Mar 26 1949 00:00:00 GMT+0800 (Indochina Time),Trans*Pers
637,Abel Mayer,ltr95smyL8Fxi4k,Sat Sep 23 1961 00:00:00 GMT+0800 (Indochina Time),Non-binary
638,Daisy Altenwerth,WbGwAi1Vj5HVW1m,Wed Dec 01 1948 00:00:00 GMT+0800 (Indochina Time),Trans Male
639,Ana Swift I,n_dSSYGxJbRrWvZ,Tue Jul 27 1954 00:00:00 GMT+0800 (Indochina Time),Hermaphrod
640,Ida Farrell,FVth0zUJD89xvYE,Sun Dec 13 1942 00:00:00 GMT+0700 (Indochina Time),Androgyne
641,Carlos Harvey,slBGF66qWyLAz9H,Wed May 21 1958 00:00:00 GMT+0700 (Indochina Time),FTM
642,Cora McClure,wSfrVCBdjTDgPSq,Thu Jul 15 1976 00:00:00 GMT+0700 (Indochina Time),Cis Woman
643,Mr. Lela Shanahan,W64w28niCcpF2Av,Mon Aug 06 1962 00:00:00 GMT+0800 (Indochina Time),Androgynou
644,Kenneth Schumm,OqgXpztdMiLGznK,Sun Apr 01 1945 00:00:00 GMT+0900 (Indochina Time),Transexual
645,Inez Funk,TJuefWQ0oDKAlU1,Fri May 02 1969 00:00:00 GMT+0800 (Indochina Time),Trans*Man
646,Miss Beverly Wolf,RGx6mkC401WcvIj,Thu Dec 22 1966 00:00:00 GMT+0800 (Indochina Time),Two-spirit
647,Henry Konopelski,9vOuUcsX_X1wm8d,Tue Aug 19 1997 00:00:00 GMT+0700 (Indochina Time),Neutrois
648,Linda Vandervort,RSc_6AW0pS2c9py,Fri Mar 19 1999 00:00:00 GMT+0700 (Indochina Time),Trans*Pers
649,Elias Spencer,Eu5ZdlS4NhSP73J,Fri Nov 19 1971 00:00:00 GMT+0800 (Indochina Time),Female to 
650,Katie Ruecker,vlfgT3ZMTojGHUh,Mon Nov 08 1943 00:00:00 GMT+0800 (Indochina Time),Transgende
651,Marcos Schroeder,clIRKkRsdinUqnU,Sun Jul 21 2002 00:00:00 GMT+0700 (Indochina Time),Gender neu
652,Josh Prohaska,0HC2vZfUX5QwfiP,Mon May 26 1997 00:00:00 GMT+0700 (Indochina Time),Cis Man
653,Timmy Tromp,exK9WaGWtgkNUGQ,Fri Jul 16 1954 00:00:00 GMT+0800 (Indochina Time),Transexual
654,Edgar Ryan,xuDqUQ6ci4fKzT_,Thu Jan 30 1997 00:00:00 GMT+0700 (Indochina Time),Androgynes
655,Agnes Jacobi,8nMLGwvijxXx7MZ,Sat Jun 15 1968 00:00:00 GMT+0800 (Indochina Time),T* woman
656,Kathryn Leannon,VfbsHxytHp9Seiv,Wed Feb 02 1972 00:00:00 GMT+0800 (Indochina Time),Cisgender 
657,Hugh Herzog,MC1X1_RTDIMAKhz,Wed Jul 09 1980 00:00:00 GMT+0700 (Indochina Time),Cisgender 
658,Josephine Friesen V,GNRqi4sdJZeGdDF,Wed Sep 23 1953 00:00:00 GMT+0800 (Indochina Time),MTF
659,Cora Rohan,_vi_2xuihbLqaYc,Sun Apr 04 1971 00:00:00 GMT+0800 (Indochina Time),Intersex w
660,Christina Kunze,fuuVLO7rAODBxCk,Mon Jun 01 1942 00:00:00 GMT+0700 (Indochina Time),Gender Var
661,Sara Witting,N5NmnY5RxjvWIQJ,Mon Oct 30 1995 00:00:00 GMT+0700 (Indochina Time),Polygender
662,Otis Kertzmann,MKKomuEsx9g9FzH,Sun Jun 20 1965 00:00:00 GMT+0800 (Indochina Time),Trans Male
663,Sonia DuBuque,icuUrNRx1Vb4Iud,Tue Apr 02 1996 00:00:00 GMT+0700 (Indochina Time),Two-spirit
664,Franklin Cassin,08k45kF_MFW27RI,Mon Apr 23 1951 00:00:00 GMT+0800 (Indochina Time),Gender Var
665,Christie Auer,nOgNdyKrp10dxvJ,Tue Jul 01 1947 00:00:00 GMT+0800 (Indochina Time),Cis
666,Ramon Ryan,cuPd_QyCAeQj8Wj,Sun Mar 21 1993 00:00:00 GMT+0700 (Indochina Time),Female to 
667,Gustavo Leannon,B3R2Fx_l0TftwgU,Thu Apr 27 1978 00:00:00 GMT+0700 (Indochina Time),Androgyne
668,Louise Jerde,IVqAfA1C2qZp2vY,Wed Apr 13 1955 00:00:00 GMT+0800 (Indochina Time),Two* perso
669,Jacqueline Crooks,X2_X6OJfIUALC6U,Mon Nov 07 1977 00:00:00 GMT+0700 (Indochina Time),Agender
670,Kathryn Corwin,_10suT0Fd5KUyhT,Sat Jul 03 1982 00:00:00 GMT+0700 (Indochina Time),Cis Woman
671,Tomas Brekke,CSK4Dv5_Z7DliOy,Wed Jan 21 1959 00:00:00 GMT+0700 (Indochina Time),Other
672,Wilma Dickinson,ZZe1WtcvAfhO1is,Tue Feb 03 1959 00:00:00 GMT+0700 (Indochina Time),F2M
673,Kim Schamberger,JE6HpEKSP75xT1p,Tue Apr 08 1969 00:00:00 GMT+0800 (Indochina Time),Cisgender 
674,Rebecca Hartmann,CL7QkNUcd42r5Qo,Sun Jan 04 2004 00:00:00 GMT+0700 (Indochina Time),Gender Non
675,Martha Jakubowski,JEEB_lvUSqdauRP,Sun Jul 05 1942 00:00:00 GMT+0700 (Indochina Time),Gender neu
676,Marcia Schuster,3vUuqtRTupHsiR2,Mon Jun 26 1944 00:00:00 GMT+0800 (Indochina Time),FTM
677,Lena Howe,CeB8MOczNk1H2PQ,Fri Mar 17 1989 00:00:00 GMT+0700 (Indochina Time),Neutrois
678,Lucia Hansen DDS,Le6zUJO29CacBtf,Tue May 20 1969 00:00:00 GMT+0800 (Indochina Time),Trans Pers
679,Sue Olson,FPkMRYQmiBwaIUn,Fri Nov 07 2003 00:00:00 GMT+0700 (Indochina Time),Trans Man
680,Stewart Stokes,bEQiSdtkkygg83i,Sat Dec 07 1963 00:00:00 GMT+0800 (Indochina Time),Male to Fe
681,Doug Heller,sT0iklcjWRBkkAW,Mon Apr 05 1948 00:00:00 GMT+0800 (Indochina Time),Intersex
682,Angie Bode III,ETBSz_3gEta63dM,Sat Jul 25 1953 00:00:00 GMT+0800 (Indochina Time),Polygender
683,Jackie Ferry Jr.,LhcZFlwoc0urR2S,Sat May 16 1970 00:00:00 GMT+0800 (Indochina Time),Gender Var
684,Linda Hagenes,OKh06LmzG02EMBn,Fri Oct 08 2004 00:00:00 GMT+0700 (Indochina Time),Trans*Man
685,Mitchell Jaskolski,_mVZJpCbTTtseTS,Mon Apr 28 1975 00:00:00 GMT+0800 (Indochina Time),Intersex
686,Betsy Wilkinson,AyAclmRTkhCkHaV,Sat Jul 08 1995 00:00:00 GMT+0700 (Indochina Time),F2M
687,Fannie Hauck II,J4ZKjqyxqerArBy,Tue Mar 10 1970 00:00:00 GMT+0800 (Indochina Time),Man
688,Annie Hackett DDS,MDhtIhCAg1Ua_nx,Tue Dec 25 1984 00:00:00 GMT+0700 (Indochina Time),Gender Que
689,Dr. Ida Champlin,A41vmWfJIQDcUmv,Mon Jan 05 2004 00:00:00 GMT+0700 (Indochina Time),Male to Fe
690,Marcus Powlowski,P4E8F9gnOW5N0tX,Sat Nov 04 1995 00:00:00 GMT+0700 (Indochina Time),FTM
691,Glen Hermiston PhD,UADnDeC2rcJoJwE,Sun Jul 25 2004 00:00:00 GMT+0700 (Indochina Time),Female to 
692,Russell Howell,UCMSVdelVb2YqrX,Fri Sep 18 1987 00:00:00 GMT+0700 (Indochina Time),Non-binary
693,Erick Haag,aE0n8JzBl0DD_Zh,Thu Jan 09 1992 00:00:00 GMT+0700 (Indochina Time),Bigender
694,Lauren Schiller,DjcXJ8p9QJUDOqV,Mon Oct 22 1945 00:00:00 GMT+0700 (Indochina Time),Transmascu
695,Kenny Dickens,oNy1LxaatJlr3CT,Wed Apr 22 1953 00:00:00 GMT+0800 (Indochina Time),Androgynou
696,Dean Kilback,spvnq9Z1OjelNIB,Mon Oct 26 1964 00:00:00 GMT+0800 (Indochina Time),Androgynou
697,Harold Quitzon DVM,q0RdBQOv8Plrxms,Tue Dec 12 1967 00:00:00 GMT+0800 (Indochina Time),Other
698,Lauren Franecki,5DlUMl7xXXQIPV8,Thu Dec 21 2000 00:00:00 GMT+0700 (Indochina Time),Polygender
699,Guadalupe Senger,EIuCTLPXMQsg9om,Wed Aug 12 1959 00:00:00 GMT+0700 (Indochina Time),Trans*Woma
700,Kristina Marquardt,8ckOsaaBv8nY_mX,Mon Feb 03 1975 00:00:00 GMT+0800 (Indochina Time),Transgende
701,Brandi Franecki,D8EW8bsajqGjpVQ,Tue Aug 21 1979 00:00:00 GMT+0700 (Indochina Time),Female to 
702,Jesus Gerhold,mpbVGcEimW8Gloh,Thu Oct 01 1953 00:00:00 GMT+0800 (Indochina Time),Trans Fema
703,Warren Schumm,2VybWUEkMFm4hwc,Thu Apr 08 1999 00:00:00 GMT+0700 (Indochina Time),Female to 
704,Armando Armstrong,AADomjzAAydN4an,Tue Apr 04 1944 00:00:00 GMT+0800 (Indochina Time),F2M
705,Ms. Dominick Gulgows,ORg2F9MtolnJhA_,Sat Feb 01 1958 00:00:00 GMT+0700 (Indochina Time),Trans Pers
706,Christopher Cole,yZlNELMZwfcXS56,Sun Jul 19 1981 00:00:00 GMT+0700 (Indochina Time),Intersex
707,Eloise Predovic,WiShiXMvCeLIrQx,Mon May 04 1964 00:00:00 GMT+0800 (Indochina Time),Gender Que
708,Pedro Koch,5rByLLoOvPJVIyU,Wed Apr 05 1961 00:00:00 GMT+0800 (Indochina Time),Gender Flu
709,Judy Pouros,mVcKULwJ25uMJlX,Thu Feb 06 1964 00:00:00 GMT+0800 (Indochina Time),Gender Var
710,Fred Walsh,Cr2yW75NJ1ML0Ka,Thu Oct 07 1982 00:00:00 GMT+0700 (Indochina Time),T* woman
711,Brent Kozey,LrutW7Ph1nXoAfa,Fri Aug 10 2001 00:00:00 GMT+0700 (Indochina Time),Male to fe
712,Leona Gulgowski,ezGHTBqnoKGeKeP,Wed Jul 31 1957 00:00:00 GMT+0700 (Indochina Time),Pangender
713,Kerry Hammes II,n4RVyJm4tgVBM0m,Thu May 15 1958 00:00:00 GMT+0700 (Indochina Time),Man
714,Miss Leon Gottlieb,hS5J8ENbRLAjIMS,Fri Nov 02 1990 00:00:00 GMT+0700 (Indochina Time),Trans*Fema
715,Susie Jenkins MD,OHp7a34g3trdRXI,Thu Apr 05 2001 00:00:00 GMT+0700 (Indochina Time),FTM
716,Marco Purdy,G4l7PePX04W0r_Y,Sun May 08 1966 00:00:00 GMT+0800 (Indochina Time),Hermaphrod
717,Bertha Feest,G9TZ_6HtZoKjaib,Thu Nov 11 1976 00:00:00 GMT+0700 (Indochina Time),Gender Non
718,Harry Lowe,kjFKczeXOoIkltW,Thu Jun 24 1943 00:00:00 GMT+0800 (Indochina Time),Trans*Man
719,Brendan Rohan,B2WCG6n7HRViwT5,Mon Apr 26 1993 00:00:00 GMT+0700 (Indochina Time),Androgynou
720,Daryl Cummerata,uhFGjEdP9B0HtPl,Fri Jan 18 1985 00:00:00 GMT+0700 (Indochina Time),Gender Var
721,Heather Gleichner V,qYeRUA6gijxxr0A,Mon Nov 27 1978 00:00:00 GMT+0700 (Indochina Time),Male to fe
722,Albert Wisoky,7I1IDh3iQOHzVvM,Sat Sep 21 1996 00:00:00 GMT+0700 (Indochina Time),Gender Var
723,Miriam VonRueden,2awaGxl3evayXNF,Mon Jun 19 1972 00:00:00 GMT+0800 (Indochina Time),Transgende
724,Lewis Stark,Kt7hfXUzL2jhf2h,Tue May 20 1997 00:00:00 GMT+0700 (Indochina Time),Trans*Fema
725,Lois Hilpert I,A7lyS3tj123YruA,Wed Jun 06 1945 00:00:00 GMT+0900 (Indochina Time),Neutrois
726,Ed Hayes,aZcsYKP2ysPvfF5,Sun Nov 27 1994 00:00:00 GMT+0700 (Indochina Time),Cisgender 
727,Otis Fay,l2ESz1EhW6P1Exw,Sat Jun 03 1995 00:00:00 GMT+0700 (Indochina Time),Neutrois
728,Ms. Roberto Kemmer,TwqP2Kz0mFiDbgi,Sat Jan 08 1983 00:00:00 GMT+0700 (Indochina Time),Trans Pers
729,Leon Stiedemann I,4MKKxBa4dVEsEhz,Fri Nov 17 1950 00:00:00 GMT+0800 (Indochina Time),Gender Non
730,Emmett Upton,tXKGdYnjoGA_o83,Sat Mar 12 1994 00:00:00 GMT+0700 (Indochina Time),Female to 
731,Elena Yundt,d72mcgQzMCrWzBr,Sat Sep 21 2002 00:00:00 GMT+0700 (Indochina Time),Trans*Pers
732,Matthew Beier,MIxwYdZHWc7hrLF,Tue Oct 26 1971 00:00:00 GMT+0800 (Indochina Time),Cis Female
733,Mrs. Guy Russel,TTf3engNidpikei,Mon Jun 27 1949 00:00:00 GMT+0800 (Indochina Time),Cisgender 
734,Constance Langworth,jdNpWlchHn8qhgt,Sat Nov 19 1955 00:00:00 GMT+0700 (Indochina Time),Bigender
735,May Schoen,Dxc9yHKCh35Zk7V,Fri Dec 29 1944 00:00:00 GMT+0800 (Indochina Time),Cisgender 
736,Irving Dicki,6pXQR7tXxWf7Pz_,Fri May 11 1945 00:00:00 GMT+0900 (Indochina Time),Cisgender 
737,Lester Weissnat,hJ8HRAWrBsDXrXP,Mon Feb 28 1944 00:00:00 GMT+0800 (Indochina Time),Trans Fema
738,Elena Adams,SB8MYfzdUyoxvjP,Mon Nov 26 1962 00:00:00 GMT+0800 (Indochina Time),Neutrois
739,Irvin Bruen,fzfLhjsWCRXqHpP,Mon Mar 29 1999 00:00:00 GMT+0700 (Indochina Time),Transexual
740,Muriel Hammes,zCiVZ6fplRx2FRI,Wed May 17 1972 00:00:00 GMT+0800 (Indochina Time),Hermaphrod
741,Tomas Pacocha,hwB47fBMnGoa7hh,Tue Aug 07 2001 00:00:00 GMT+0700 (Indochina Time),Trans Man
742,Dr. Doug Homenick,p0elAhC8v_rJKrf,Tue May 15 2001 00:00:00 GMT+0700 (Indochina Time),Two-spirit
743,Mrs. Leslie Langosh,_qvBc1Lcwn7qACc,Tue May 02 1995 00:00:00 GMT+0700 (Indochina Time),Transexual
744,Carmen Nienow,fJw4PWoQ4u66QZP,Fri Apr 19 1985 00:00:00 GMT+0700 (Indochina Time),Trans Pers
745,Sally Kessler,EagrPDW_wc7PADt,Fri Apr 28 1978 00:00:00 GMT+0700 (Indochina Time),Female to 
746,Toni Senger,lA7tOKHDDxcuhlS,Sat Nov 30 1946 00:00:00 GMT+0700 (Indochina Time),Cisgender 
747,Marvin Crona,OccTu9E5hYXOQU5,Fri Sep 13 1957 00:00:00 GMT+0700 (Indochina Time),Agender
748,Vera Lind,_3sWkYy8uPuWai8,Thu Jan 22 1981 00:00:00 GMT+0700 (Indochina Time),Trans Fema
749,Kelli Schuster,szQE8KRrAJ4nIcR,Sun Mar 30 1997 00:00:00 GMT+0700 (Indochina Time),Trans
750,Melissa Abshire,h15wb5OnWtV4xIR,Fri Aug 19 1955 00:00:00 GMT+0700 (Indochina Time),Two-spirit
751,Marsha Lynch,lcSlUiAuoOZSK_h,Sat Sep 26 1964 00:00:00 GMT+0800 (Indochina Time),Male to fe
752,Jonathan Corkery,sxwBVt5p5EMBIOS,Sat May 24 1997 00:00:00 GMT+0700 (Indochina Time),Asexual
753,Brett Ebert,lLHsailPbgjlI_o,Thu Jul 02 1992 00:00:00 GMT+0700 (Indochina Time),Cisgender 
754,Milton Haley,LeNcK9IULEQnoCK,Tue Jan 16 2001 00:00:00 GMT+0700 (Indochina Time),Male to fe
755,Ebony Murazik,ECm8ENc1xwgho_2,Tue Oct 02 2001 00:00:00 GMT+0700 (Indochina Time),Cisgender 
756,Lewis Kuhic,83wT32sC2sGssJI,Fri Jan 09 1953 00:00:00 GMT+0800 (Indochina Time),Intersex
757,Krystal Flatley,qyWstCIIUptO9EL,Mon Sep 12 1960 00:00:00 GMT+0800 (Indochina Time),FTM
758,Carol Abernathy,PJeNQVz3KTAK4Co,Sat Mar 27 1999 00:00:00 GMT+0700 (Indochina Time),Androgynes
759,Kate Lesch,Oy5KMijSyA00xRP,Tue May 31 1955 00:00:00 GMT+0800 (Indochina Time),Male to fe
760,Sherri Kuvalis,zxZ0Lkp78si0JCu,Thu Apr 26 1990 00:00:00 GMT+0700 (Indochina Time),Hermaphrod
761,Ernesto Zboncak,GlHmTAkeZUtOxPy,Fri May 12 1978 00:00:00 GMT+0700 (Indochina Time),Androgynes
762,Roland Krajcik,B1epNoYv7qwbemU,Sat Feb 27 1982 00:00:00 GMT+0700 (Indochina Time),FTM
763,Manuel Kulas,wP9pG6MoyK6yhqL,Sun Dec 29 1996 00:00:00 GMT+0700 (Indochina Time),Transexual
764,Edith Dooley,ALsuQ9qoTLE4WTq,Tue Mar 28 1989 00:00:00 GMT+0700 (Indochina Time),Cis
765,Jeannette Zieme,9_XGhOx8a543yaI,Mon May 25 1964 00:00:00 GMT+0800 (Indochina Time),Transexual
766,Amos Bernier,jNvhr_EQGo2FYhf,Fri Mar 07 1958 00:00:00 GMT+0700 (Indochina Time),FTM
767,Ervin Weissnat,HhXROQhByfpCzLW,Tue Jul 31 1962 00:00:00 GMT+0800 (Indochina Time),Cisgender 
768,Pedro Carroll,vZ3yPiRJxd8bxtK,Thu Oct 21 1982 00:00:00 GMT+0700 (Indochina Time),Two* perso
769,Kari Harvey,EkUCI5rqiFqwRoG,Mon Aug 06 1990 00:00:00 GMT+0700 (Indochina Time),Other
770,Kristine Vandervort ,WnTntAxVeH66KMM,Thu Feb 25 1960 00:00:00 GMT+0800 (Indochina Time),T* man
771,Daryl Auer,lpNt54EYl8RPVD4,Fri Aug 05 1955 00:00:00 GMT+0700 (Indochina Time),Polygender
772,Angelica Lebsack,Y9AryNMY0O7jtf8,Sat Jan 27 1979 00:00:00 GMT+0700 (Indochina Time),Asexual
773,Angie Kuhic,TKCnePc9LrzO3wk,Thu Oct 18 1984 00:00:00 GMT+0700 (Indochina Time),Transgende
774,Orlando Trantow,pBAZGnGVPnRg3Df,Wed Jan 22 1947 00:00:00 GMT+0700 (Indochina Time),Female to 
775,Tracey Vandervort,NJqp37DJzj0nD9l,Thu May 12 1983 00:00:00 GMT+0700 (Indochina Time),Cisgender
776,Deanna Bartell,nwj1O8BysxRGRs6,Tue Oct 29 1996 00:00:00 GMT+0700 (Indochina Time),T* man
777,Latoya Considine,GL_LqTLRb7llS5X,Sun Jun 27 1971 00:00:00 GMT+0800 (Indochina Time),Trans*Male
778,Charles Schroeder Ph,eZIqnjnsdk1RASO,Mon Jun 05 1967 00:00:00 GMT+0800 (Indochina Time),Cis Female
779,Bryant Hintz,ZtelMq8700Sw5zE,Sun Nov 15 1959 00:00:00 GMT+0700 (Indochina Time),T* man
780,Carole Jones,XIDBL__x2V4lzb0,Tue Mar 02 1976 00:00:00 GMT+0700 (Indochina Time),Man
781,Gretchen Gorczany,o9TvB8ILp8feWan,Fri May 17 2002 00:00:00 GMT+0700 (Indochina Time),Gender Que
782,Clinton Renner,Y3ys951u86o0tQR,Wed Apr 08 1970 00:00:00 GMT+0800 (Indochina Time),Gender Non
783,Cathy Harvey Jr.,QEaNTlJPMsEgJ7j,Mon Feb 12 1945 00:00:00 GMT+0800 (Indochina Time),Neutrois
784,Geneva Pfeffer,wdn77Gew3hcDq3P,Mon Sep 22 2003 00:00:00 GMT+0700 (Indochina Time),Intersex p
785,Hugh Koch,QonIMdejQbD35hW,Thu Jul 01 2004 00:00:00 GMT+0700 (Indochina Time),Female to 
786,Jean Terry,K3qszPpPT2Kf5eQ,Fri Apr 03 1959 00:00:00 GMT+0700 (Indochina Time),Pangender
787,Ramiro Mohr,oxlnrSwyjG2KH21,Wed Jan 22 1958 00:00:00 GMT+0700 (Indochina Time),Two* perso
788,Luther Lakin,KyfbTNi_bQtn1lP,Fri Sep 08 1967 00:00:00 GMT+0800 (Indochina Time),Androgynes
789,Annie Ondricka,dBzZvCbgcIArZzu,Fri Jan 18 1952 00:00:00 GMT+0800 (Indochina Time),Agender
790,Belinda Rempel,TUU7tsQVgkz5sUn,Wed Dec 21 1949 00:00:00 GMT+0800 (Indochina Time),Trans*Man
791,Glenda Padberg,YDLZn0tLqSFXJj7,Tue Feb 27 1979 00:00:00 GMT+0700 (Indochina Time),Cisgender 
792,Cathy Goodwin,xhmE6BkCpzHqzee,Fri Jan 12 1979 00:00:00 GMT+0700 (Indochina Time),Cis Female
793,Penny Casper,W3kl9T0bmtobQ9q,Tue Aug 24 1965 00:00:00 GMT+0800 (Indochina Time),Cis Female
794,Dr. Rebecca Carroll,9l_obeNXRSYV99H,Sat Nov 06 2004 00:00:00 GMT+0700 (Indochina Time),Woman
795,Shelley Bergnaum,LhhCJxnpxAGn10l,Mon Jul 27 1998 00:00:00 GMT+0700 (Indochina Time),Male to fe
796,Dwayne Mueller,rR5neh8iOMf6p2P,Wed Jan 22 2003 00:00:00 GMT+0700 (Indochina Time),Trans Male
797,Eileen Murphy,5pHrQWbfWKO08EJ,Fri Jun 24 1977 00:00:00 GMT+0700 (Indochina Time),Trans*Fema
798,Laurie Wehner,IVZypp1dMjlHtLF,Fri Dec 18 1942 00:00:00 GMT+0700 (Indochina Time),Trans Fema
799,Dr. Lamar Ortiz,QWFsVLD1AdtvfmT,Wed Feb 24 1999 00:00:00 GMT+0700 (Indochina Time),Transgende
800,Marion Schuster,rOdRGxjRUvVClse,Wed Dec 02 1953 00:00:00 GMT+0800 (Indochina Time),Non-binary
801,Randolph Runte,JcaJvndyKhprWBi,Sun Jul 17 1988 00:00:00 GMT+0700 (Indochina Time),Two-spirit
802,Evelyn Pouros,YEsq0QoLhpfM40S,Wed Jul 16 1952 00:00:00 GMT+0800 (Indochina Time),Gender Non
803,Raul Nikolaus MD,euGTRf2qqP_QhiK,Mon Feb 13 1978 00:00:00 GMT+0700 (Indochina Time),Two-spirit
804,Kelli Volkman,cJCEzzncKwXsOjZ,Thu May 24 1945 00:00:00 GMT+0900 (Indochina Time),Androgynes
805,trung huynh,123456,,1
806,tien ok,12345,,1
807,Tien Nguyen,12345,Tue Jan 10 2023 00:00:00 GMT+0700 (Indochina Time),2
808,Nguyen Tien,12345,,1
809,Tien Trung,123456,,1